{"type":"FeatureCollection", "features": [
{"type":"Feature","geometry":{"type":"Polygon","coordinates":[[[76.6158724964721,28.20268497923688],[76.61577583048994,28.20266008829715],[76.61608997845852,28.20319041252501],[76.61622968420282,28.20341430166523],[76.61638266797675,28.20369044302819],[76.61655380932443,28.20397229082939],[76.61663265643429,28.20418155488998],[76.61673922434824,28.20437393727623],[76.61686278028127,28.20457779982326],[76.61694182413535,28.20470936457586],[76.61702840327504,28.20492342033308],[76.61709451665766,28.20508585855552],[76.61711044978374,28.20523127392666],[76.61714652027541,28.2055004701841],[76.61720099525945,28.20571629482808],[76.61722622035916,28.2059610470814],[76.61726679231985,28.20623714227089],[76.61731171877857,28.20653716109806],[76.61734287683682,28.20683075749474],[76.6174022311066,28.20714764386031],[76.61744861290123,28.20741848269816],[76.61753682069234,28.20791656439864],[76.61765342152128,28.20852794127602],[76.61772843738578,28.20894250690545],[76.61778572116742,28.20923577207947],[76.6177742944698,28.20942256273555],[76.61773809440587,28.20963062125115],[76.61770651343527,28.20984632437111],[76.61757638946513,28.21012432283154],[76.61622962828146,28.20870792764578],[76.6159738132987,28.20842511639985],[76.61579778502926,28.20843033195707],[76.61565600371371,28.20823879789888],[76.61555358070216,28.20812320035672],[76.61541838514306,28.2079471808647],[76.61523666653535,28.20777309710076],[76.61504654367138,28.20762846502427],[76.6149045786096,28.20749103394086],[76.61475924289587,28.20740176096094],[76.61451134996443,28.20718413103612],[76.61422523916318,28.20692005097954],[76.61405397618974,28.20677660145144],[76.61393177079017,28.20665370113063],[76.613802828535,28.20655846922035],[76.61310924197487,28.2059014648741],[76.61277450922493,28.20605102332582],[76.61228984885726,28.20536502329399],[76.6118641274776,28.20504320123242],[76.61144191344165,28.20470907623683],[76.61096851203664,28.20431778290701],[76.6105207675957,28.20398720795571],[76.60919672024198,28.20299339801342],[76.60870679717185,28.20262348158229],[76.60784821947564,28.20188288092841],[76.60915222101967,28.20016819630757],[76.60934091343219,28.20001221074775],[76.60945526314983,28.19991127380984],[76.60957120597082,28.19984707593805],[76.60968880029885,28.19976708599192],[76.60985286138146,28.19968172924989],[76.6099616348069,28.19962293711809],[76.61004845234685,28.19954455020428],[76.61015906588717,28.1997257980045],[76.61025490115537,28.19995547125288],[76.61035994332889,28.20015186717046],[76.61052292493405,28.20043206837245],[76.61065705267539,28.20070588754564],[76.6107035182925,28.20077868833119],[76.6107836813163,28.20091915847401],[76.61087980840544,28.20104466889546],[76.61099053398115,28.20118988655875],[76.61109977013727,28.20135757549248],[76.61119665260617,28.20142854846831],[76.61137907083963,28.20147796486508],[76.61150150828887,28.20149963881101],[76.61165879730878,28.20154018283435],[76.61178983440088,28.2015823737546],[76.61205436426309,28.20163879466799],[76.61232879070437,28.20172785827325],[76.6125665361599,28.20179586968496],[76.61281118658964,28.20186557042966],[76.61300828042066,28.20193316255671],[76.61322356906027,28.20199735357421],[76.61377404268185,28.20214900738568],[76.6141200358652,28.20223891331347],[76.61448652176513,28.20232949024967],[76.61470061709528,28.20238025420801],[76.61490748298357,28.20244051849288],[76.61545314929619,28.20257002414326],[76.61569331431807,28.20263432110317],[76.6133902221164,28.20204698577228],[76.6158724964721,28.20268497923688]]]},"properties":{"name":"1","description":"1, 13/1","styleUrl":"#msn_ylw-pushpin1","fill-opacity":0.5019607843137255,"fill":"#ffff00","stroke-opacity":1,"stroke":"#0000ff","icon-scale":1.1,"icon-offset":[20,2],"icon-offset-units":["pixels","pixels"],"icon":"http://maps.google.com/mapfiles/kml/pushpin/ylw-pushpin.png"}},
{"type":"Feature","geometry":{"type":"Polygon","coordinates":[[[76.61581875009756,28.20271060610558],[76.61620609467062,28.20280784142077],[76.61662968021464,28.20295336348165],[76.61711256751528,28.20305388265233],[76.61755511580715,28.20318451508533],[76.61797502715415,28.20325611454192],[76.61819833597158,28.20331724300371],[76.61851767515428,28.20340723762068],[76.61882222653384,28.20345766243819],[76.61904812648882,28.20347507107332],[76.61923188573783,28.20350214400858],[76.61941628911983,28.20349301334093],[76.61944851668345,28.20361646911979],[76.61949890834636,28.20374597710548],[76.61953807939183,28.20385626236481],[76.61960210274908,28.20404797177988],[76.61966033690416,28.20421162067351],[76.61973244367104,28.20443750865281],[76.61982012201429,28.20461992488494],[76.61991012348335,28.20479815876684],[76.6200273010697,28.20501112679446],[76.62016548617488,28.20518092380264],[76.62029229079226,28.20534853622989],[76.62049141004849,28.2055577467304],[76.62062487700557,28.20569131748882],[76.62075377715908,28.20578285105369],[76.62090975413503,28.20593205196569],[76.62100534993542,28.20604500299224],[76.62108556354083,28.20616033759459],[76.62121145862255,28.2062968504954],[76.62128498601162,28.20639854622059],[76.62138788583006,28.20663124687941],[76.62145436454655,28.20681567663627],[76.62153219758406,28.20699556939993],[76.62161201498455,28.20722503720942],[76.62168800279007,28.20745927227289],[76.62177423397327,28.20772013084538],[76.62188163853293,28.20802647840753],[76.62208260356937,28.20839568995402],[76.62218910247186,28.20866094410585],[76.62236778955312,28.20893901526754],[76.62251655063918,28.20925246941161],[76.62268384530523,28.2095460274886],[76.62275631092905,28.20979830447298],[76.62286674867312,28.2101394400898],[76.62297678297612,28.21043759063636],[76.62310183031911,28.21076114652541],[76.62320870922352,28.21098472666278],[76.62329221655878,28.21115127393737],[76.62335142065639,28.21143536086127],[76.62342587852692,28.21175744449789],[76.62350428835725,28.21202269150282],[76.62363432246649,28.21231015779886],[76.62373344182456,28.21251851065153],[76.62379684176666,28.21268907500062],[76.62386621969017,28.2128348870251],[76.62398738287163,28.21305838642128],[76.62408842080372,28.21325657892613],[76.62416218061492,28.21347038170967],[76.62419487771403,28.21361351860268],[76.62427931173886,28.21383779620191],[76.62435884798593,28.21405756830938],[76.62439296058247,28.21424737693803],[76.62443986244372,28.21447920571372],[76.62445789710075,28.21464280824498],[76.62453112377489,28.21482151099269],[76.62460724485385,28.21503191958298],[76.62468740682196,28.2151921922632],[76.62475774233681,28.21544787860721],[76.62458307960488,28.2155913072804],[76.62440018974058,28.21573683400494],[76.62423254396624,28.21584813715235],[76.62400482379905,28.21601577089852],[76.62380878705136,28.21616419288102],[76.62366308142222,28.21627491518529],[76.62334262138847,28.21645442817944],[76.62318168302095,28.21655251607404],[76.62300359521844,28.21661890022209],[76.62287199270074,28.21669698192621],[76.6225888269349,28.21645262957831],[76.62221532923424,28.216149378542],[76.6206201959464,28.21482795748689],[76.61975974767245,28.21417262788766],[76.61911542974111,28.21356645603805],[76.61786451472149,28.21258136795108],[76.61739623022022,28.21216185710558],[76.61691325051876,28.21177600833725],[76.61644390841475,28.21139149798125],[76.6167344437525,28.21102988408201],[76.6170298803458,28.21072048743635],[76.61730193512363,28.21047257440082],[76.61748632909458,28.21022591463666],[76.61759283925635,28.21009786477746],[76.6176587058258,28.20994465002869],[76.61771601250724,28.20975582203758],[76.6177855386787,28.20946801990186],[76.61775425644929,28.20916455717517],[76.61766791047353,28.20865818550549],[76.61754326961733,28.20794565203422],[76.61742458641244,28.20725406358292],[76.61735073699376,28.20680413229432],[76.61728095008655,28.20630213902501],[76.61722462127894,28.2059127752424],[76.61714514547266,28.20542800576471],[76.61710276720163,28.20518348663767],[76.61704673850721,28.20498918306505],[76.61689919492828,28.20465967312744],[76.61680216469158,28.2044629385053],[76.61668998356747,28.20426356162115],[76.61655649168347,28.20402423925041],[76.61626893397492,28.20352889154186],[76.61614003701969,28.20325843763158],[76.61597000143172,28.20297433162152],[76.61581875009756,28.20271060610558]]]},"properties":{"name":"2","description":"2/1 28/1","styleUrl":"#msn_ylw-pushpin8","fill-opacity":0.5019607843137255,"fill":"#ff55ff","stroke-opacity":1,"stroke":"#0000ff","icon-scale":1.1,"icon-offset":[20,2],"icon-offset-units":["pixels","pixels"],"icon":"http://maps.google.com/mapfiles/kml/pushpin/ylw-pushpin.png"}},
{"type":"Feature","geometry":{"type":"Polygon","coordinates":[[[76.61682475510756,28.20065314778111],[76.61700783630022,28.20068945681097],[76.61713663300362,28.20071511994364],[76.61729114206585,28.20075919249626],[76.61744685114571,28.20080918241091],[76.61791782460296,28.20081985669422],[76.61825350158432,28.20080267438009],[76.61851233661643,28.20081130609995],[76.61875295986059,28.20082145899434],[76.61905558413942,28.20081708184859],[76.61921722574814,28.20082764310634],[76.61939925492547,28.2008514524583],[76.61949389899837,28.20089685734995],[76.61961075199152,28.20095783497928],[76.61980259901802,28.20117877713212],[76.6200243131488,28.20137874101822],[76.62025938142631,28.20166462538725],[76.62056463817171,28.2020509590623],[76.62087293969195,28.20245587316274],[76.6212023309216,28.20286410961722],[76.62139104436675,28.20316508538838],[76.62163896965296,28.203420479744],[76.62140637954263,28.20343505844508],[76.62105273297789,28.20349093445206],[76.62066440411388,28.20348037144405],[76.62011032617117,28.20351213068231],[76.61974044654613,28.2035027478514],[76.61937369243033,28.20351632679411],[76.61907525932534,28.20350788223032],[76.61870779410697,28.20345795351979],[76.61828281371669,28.203332463925],[76.61797130682145,28.20328165052339],[76.61757130612274,28.20319866197428],[76.61723844690768,28.2031253589156],[76.61707195366279,28.20302792937242],[76.61648038309846,28.20288251311932],[76.61610995186058,28.20279687841118],[76.61582905733253,28.20271694899951],[76.61563680482651,28.20229861374685],[76.61528810475454,28.20172958414943],[76.61577951939803,28.20160913617701],[76.61627246631758,28.20145275660513],[76.61606225177306,28.20113675056279],[76.61628449223987,28.20101684005342],[76.61657327407632,28.20086090639798],[76.61671146615903,28.20062924251346],[76.61682475510756,28.20065314778111]]]},"properties":{"name":"3","description":"3","styleUrl":"#msn_ylw-pushpin","fill-opacity":0.5019607843137255,"fill":"#ff0000","stroke-opacity":1,"stroke":"#0000ff","icon-scale":1.1,"icon-offset":[20,2],"icon-offset-units":["pixels","pixels"],"icon":"http://maps.google.com/mapfiles/kml/pushpin/ylw-pushpin.png"}},
{"type":"Feature","geometry":{"type":"Polygon","coordinates":[[[76.61941552829634,28.20349425437923],[76.6197213926637,28.20350849473283],[76.62008271972662,28.20352774321889],[76.62048787445629,28.20349424200672],[76.62102321228865,28.2034921284372],[76.62148392424703,28.20347117140037],[76.6217173615922,28.20343780046921],[76.62205621826689,28.20333874879027],[76.62260123586613,28.20310664112614],[76.62294575984984,28.20288799903832],[76.62328176644209,28.20257105025876],[76.62342752854477,28.202318627689],[76.62361916342113,28.20165722495605],[76.62370939230517,28.20110667330195],[76.62390139441912,28.20050714094729],[76.62398114713645,28.20023525024255],[76.62419767623608,28.20040569845673],[76.62448476279782,28.20064438243038],[76.6247894023983,28.20081421737026],[76.62500504054947,28.20095067956959],[76.62526844250013,28.20105052899581],[76.62572487457241,28.20116988671757],[76.62629172502909,28.20124782566708],[76.62686684819988,28.20138640525841],[76.62747455000168,28.20157694854936],[76.62786296737903,28.20173553929364],[76.62804921955237,28.20193060046954],[76.62819237284025,28.20211967851057],[76.6283474843103,28.20239962930231],[76.62852415869104,28.20262414196188],[76.62878667684679,28.20276198781414],[76.62917898087657,28.20299508418271],[76.62976574142004,28.20339419468105],[76.63014789357823,28.20367467862479],[76.63071543549533,28.20406038514376],[76.63100203398011,28.20434007511672],[76.63048221135449,28.20445878620906],[76.62979062646147,28.20457361051899],[76.62938262582624,28.20467073900451],[76.62944880453365,28.20536946963177],[76.62945187229288,28.20545626520256],[76.62946333216435,28.20556765085818],[76.62832499874764,28.20564645144375],[76.62814069074977,28.20565393132806],[76.62814284375933,28.20577730335652],[76.62813968317757,28.20591939484133],[76.62798746388528,28.20591582035975],[76.62781304676291,28.2059123503348],[76.62715933797875,28.20594608192711],[76.62682159800258,28.20594181121407],[76.62670320292042,28.20595267416573],[76.62631355711045,28.20593595959921],[76.62561536999036,28.20594495068342],[76.62541951473884,28.20593069491838],[76.6253650085927,28.20598096739597],[76.62521800600392,28.20605160142502],[76.62504573504837,28.20617604099782],[76.62485861524866,28.20630079022854],[76.62469178631456,28.2064352740949],[76.62455743197093,28.20652159974335],[76.62474248081271,28.2067263517191],[76.62493194486765,28.20694241138229],[76.6251753413573,28.20714729357153],[76.62539524898793,28.20736967076596],[76.62569045387065,28.20764050936265],[76.62589389246422,28.20781128153701],[76.62625831104846,28.20805635920066],[76.62659064996033,28.20837584387399],[76.62685471396058,28.20863249043586],[76.62643010515256,28.20893541478703],[76.62602936022367,28.20922839288509],[76.62548522415597,28.20961780245586],[76.62481289191334,28.21012310884321],[76.62418522589151,28.21044998612945],[76.62390214786993,28.21070050515655],[76.62328946582929,28.21112488687158],[76.6229359236262,28.21039214112035],[76.62283274258473,28.20996163964883],[76.62264718599634,28.20941649212958],[76.62234381560096,28.20883000254966],[76.62194942450327,28.20803973816114],[76.62163802738701,28.20730201729008],[76.62151233302679,28.20692236099886],[76.6213110135149,28.20644814406356],[76.62126085084742,28.20632492008806],[76.62114725936668,28.20622641180758],[76.62105356290215,28.20612100878523],[76.62086934132894,28.20589308000388],[76.62075512163258,28.20579691641936],[76.62067212706759,28.20572845299949],[76.62058813230261,28.20566532143934],[76.62038009222644,28.2054573068172],[76.62017205656531,28.20521417999673],[76.61994184309559,28.20484237801515],[76.6198305760839,28.2046711587378],[76.61973457394303,28.20443245742505],[76.61962272903301,28.20411249769075],[76.61953393016726,28.20386519426537],[76.6194475700451,28.20363676693443],[76.61941552829634,28.20349425437923]]]},"properties":{"name":"4","description":"2/2 4/1","styleUrl":"#msn_ylw-pushpin30","fill-opacity":0.5019607843137255,"fill":"#ffff00","stroke-opacity":1,"stroke":"#0000ff","icon-scale":1.1,"icon-offset":[20,2],"icon-offset-units":["pixels","pixels"],"icon":"http://maps.google.com/mapfiles/kml/pushpin/ylw-pushpin.png"}},
{"type":"Feature","geometry":{"type":"Polygon","coordinates":[[[76.62401251334542,28.2002581523188],[76.62416193581333,28.20001205107015],[76.6242912107356,28.19968512035756],[76.62439781423116,28.19933078641282],[76.62435655120025,28.19902701914062],[76.62431216242369,28.19880635954697],[76.62429142256396,28.19856055360366],[76.62423923263009,28.19829790868471],[76.62423576313614,28.19796284524188],[76.62423856217278,28.19754090008992],[76.62462952966044,28.1975723660189],[76.6249026490529,28.19767459618594],[76.62522047329065,28.19779735900525],[76.62545323921401,28.19794488465056],[76.62578422427613,28.19809574493676],[76.62610643593526,28.19820904637866],[76.6264865676292,28.19838382427183],[76.62704305266178,28.19857376120665],[76.6274758583778,28.19866096418637],[76.62784425247675,28.19870885829233],[76.6282939538812,28.19869029777973],[76.62878993531321,28.19867545524426],[76.62931892330818,28.1985884406893],[76.62972497826694,28.19854979435697],[76.63021542210598,28.19853245871647],[76.63067882320584,28.19852235276785],[76.6316505556978,28.1985662877023],[76.63207432679917,28.1986164564429],[76.63326928976964,28.19886126280149],[76.63379593835256,28.19892938020114],[76.6341289144788,28.19901970951413],[76.63480876432797,28.1991040601629],[76.63554420311013,28.19924895366603],[76.63603795146614,28.19932884604916],[76.63665037782695,28.19949883795397],[76.63725416541202,28.19955950905079],[76.63722269908615,28.19984510406766],[76.63719939967415,28.20016347955027],[76.63720817113236,28.20043815610097],[76.63717686924336,28.2008353647225],[76.63721600741528,28.20131274924668],[76.63720349925336,28.20181042662454],[76.63723297280617,28.20240135862823],[76.63717986213526,28.20302300006474],[76.63711739778267,28.2033872828306],[76.6370425943977,28.20378936889687],[76.63697044835851,28.20418110930963],[76.63686712903338,28.20460618162466],[76.6367565028081,28.20505674169347],[76.63655550429122,28.2055907361445],[76.63639392574193,28.20608171900842],[76.63632415476499,28.20628263573425],[76.63628213439567,28.20649398382536],[76.63559710705889,28.20624100821463],[76.63510564229834,28.20601519588216],[76.63467689410953,28.20578714310298],[76.63411926663255,28.20554836645424],[76.63344882834741,28.20519121040209],[76.6331401956762,28.20500173191857],[76.6329420012774,28.20484643039567],[76.63268420676035,28.20464904276269],[76.63256280999423,28.20455787614358],[76.632511635708,28.20449169289816],[76.6324498809096,28.2044460557499],[76.6323912190398,28.20441078247522],[76.63231627378863,28.20438428194057],[76.63227341814354,28.20437104299667],[76.632235542166,28.20438551392772],[76.63218382973693,28.20440493792654],[76.63202805205343,28.20445573673555],[76.63189894565892,28.20449110960951],[76.6317609156282,28.20452026604955],[76.63169402038517,28.20455144941366],[76.63157351449937,28.20458816827783],[76.63148439758565,28.20461652848175],[76.63140932158457,28.20462790582112],[76.63134203392333,28.20460295098576],[76.6312204965323,28.20452667721617],[76.63109890180259,28.20442721967116],[76.63104073747591,28.20434693894247],[76.63098981183545,28.20432077855744],[76.63091976397652,28.20424403425761],[76.63080961855268,28.2041485573249],[76.63075946842245,28.20409331987734],[76.63064865697638,28.20401848356903],[76.63046984389773,28.20388798778684],[76.63001951666338,28.20356783485591],[76.62973728394732,28.20336369519586],[76.62933968507413,28.20309720996303],[76.62909679192732,28.20292989931866],[76.62888616004098,28.20281072372292],[76.62866949648875,28.20270619588337],[76.62858232599791,28.20265148994283],[76.62852778091286,28.20261938496686],[76.6284864337541,28.20258093984393],[76.6283797165353,28.20245057427082],[76.62829163718915,28.20230106076668],[76.62820797322296,28.20214769626486],[76.62810095697277,28.20196032027237],[76.6279305488727,28.20178590021169],[76.62786572327893,28.20171903037105],[76.62771593943582,28.2016496955169],[76.62739922626847,28.20156150682361],[76.62690706154547,28.20141136115017],[76.62664534409485,28.20131659306443],[76.62625830821915,28.20124586159374],[76.62594571926648,28.20121064120226],[76.62572262035692,28.20117261629525],[76.62540526455139,28.20107718916411],[76.62514644331246,28.20100735603811],[76.62489493443094,28.20086428031206],[76.62465084890209,28.20072484538977],[76.62450463075453,28.20065819369044],[76.62440568236022,28.20057419742495],[76.62410099894625,28.20033108408865],[76.62401251334542,28.2002581523188]]]},"properties":{"name":"5","description":"5","styleUrl":"#msn_ylw-pushpin0","fill-opacity":0.5019607843137255,"fill":"#cb0000","stroke-opacity":1,"stroke":"#0000ff","icon-scale":1.1,"icon-offset":[20,2],"icon-offset-units":["pixels","pixels"],"icon":"http://maps.google.com/mapfiles/kml/pushpin/ylw-pushpin.png"}},
{"type":"Feature","geometry":{"type":"Polygon","coordinates":[[[76.62478957189529,28.19748985700195],[76.62497425917006,28.19743009900674],[76.6251363742287,28.19736617908045],[76.62526999837185,28.19732145586319],[76.62542669078613,28.19725683911971],[76.62573972956841,28.19714125336891],[76.62586812417702,28.19706444375309],[76.62610654738015,28.19696165612837],[76.62632621626938,28.19685314227346],[76.62657559889327,28.1967571279883],[76.62677213017497,28.19671567098918],[76.62696150836632,28.1966765186829],[76.62725004129479,28.19659264386056],[76.6275377918441,28.19650292124469],[76.62782262680548,28.1964051175498],[76.62819865641109,28.19633015418226],[76.62844659546577,28.19625435139699],[76.6285927207993,28.19618298752628],[76.62886749601691,28.196063029102],[76.62903812755118,28.19596477843675],[76.6293666063919,28.19584200843231],[76.62967587090287,28.19568229889917],[76.63000991481053,28.19550687281037],[76.63036451295952,28.19525519194855],[76.63033363790123,28.19443163230478],[76.62995595822332,28.1943775518888],[76.62992601473033,28.1941017296374],[76.62936030296676,28.19409237666867],[76.62937255357708,28.19354669834133],[76.62933692385617,28.19303022436637],[76.62897310092949,28.19295993320848],[76.62894429961646,28.19223668439993],[76.62862712186906,28.19227529384047],[76.6286108339381,28.19179067767964],[76.62909122287505,28.19161367771535],[76.62945487879887,28.19151869813613],[76.62999582573339,28.19140449372827],[76.6304751097332,28.19129265199887],[76.63096406440799,28.19118111946718],[76.63165547641026,28.19100049742259],[76.63184716934674,28.19090911300055],[76.6323189570567,28.19056686380365],[76.63263594358617,28.19028205051855],[76.63294178471689,28.19000110861377],[76.63330879795916,28.18962919367715],[76.63356127974116,28.18936968992909],[76.63374616387371,28.18918221586017],[76.63393635494359,28.18898901015721],[76.63425118763693,28.18872391445375],[76.6360031554343,28.19160625061961],[76.63620236895422,28.19192010202985],[76.63640736191103,28.19224413851691],[76.63654720872312,28.1924837062363],[76.63669717562749,28.19275719932289],[76.63686049573202,28.19303919509098],[76.63699766396569,28.19324462504632],[76.63712305462758,28.19357617610824],[76.63718792857222,28.19388558222205],[76.63724422947135,28.19424949179663],[76.63723734776153,28.19456514221527],[76.63726433307303,28.19494308362546],[76.63728376451397,28.19536399562286],[76.63728045811949,28.19598048953464],[76.63724762802269,28.1963380474509],[76.63726633698533,28.19696566071142],[76.63724891229874,28.1973851214128],[76.63723037615758,28.19797953923536],[76.63723450103912,28.19852122060052],[76.63726541478144,28.19898569137522],[76.63727130490129,28.19922872120971],[76.63725021187807,28.19954690116958],[76.6370120143638,28.19951457844027],[76.63661570722061,28.19944938431291],[76.63630130782717,28.19939900098672],[76.63598374622971,28.19934664463763],[76.63548142158044,28.1992570553848],[76.63520659056667,28.19919463170843],[76.63471858496706,28.19910763743202],[76.63460088221524,28.19909642057322],[76.63428004439822,28.19903973992497],[76.63393183543913,28.19897325293777],[76.63366543018303,28.19891189017392],[76.63333341190871,28.19885481897177],[76.63306009947547,28.19880323493457],[76.63280613691326,28.19877768469261],[76.63254524037693,28.19870336698036],[76.6321096426095,28.19864194199308],[76.63169062768934,28.1985781289728],[76.63133528482051,28.19852560967787],[76.63104371543149,28.19851321647172],[76.63047162135477,28.19848080612902],[76.62993958361444,28.19851537634125],[76.62935565233641,28.1985952406405],[76.62876923270977,28.19863929634202],[76.62827153456104,28.19869012958652],[76.62782465922841,28.19868128503264],[76.62746315796232,28.19865701037201],[76.62708328280759,28.1985550603927],[76.62668613457473,28.19849847813938],[76.626323802213,28.19829552279949],[76.62587560124592,28.19812899360806],[76.62542725434906,28.19791826248647],[76.62511782855157,28.19779666499198],[76.62471057789459,28.19762160676256],[76.62426999700742,28.19754055549308],[76.62478957189529,28.19748985700195]]]},"properties":{"name":"6","description":"6/1","styleUrl":"#msn_ylw-pushpin2","fill-opacity":0.5019607843137255,"fill":"#ffff00","stroke-opacity":1,"stroke":"#0000ff","icon-scale":1.1,"icon-offset":[20,2],"icon-offset-units":["pixels","pixels"],"icon":"http://maps.google.com/mapfiles/kml/pushpin/ylw-pushpin.png"}},
{"type":"Feature","geometry":{"type":"Polygon","coordinates":[[[76.6286066616182,28.19178818740255],[76.62864022583837,28.19227022207635],[76.62895057741206,28.19222859979653],[76.6289828635701,28.19297993514996],[76.62933739828003,28.19301671907718],[76.62932751040962,28.19315798736389],[76.62933758770816,28.19346325362828],[76.62936794085523,28.19374648701521],[76.6293380884695,28.19410863720738],[76.62966130077082,28.19409447239583],[76.62992501870185,28.19410687412522],[76.62992944904794,28.19438928556794],[76.63007311056988,28.19441054429728],[76.63030855329868,28.19443096552457],[76.63030175018936,28.19464489035311],[76.63030780788687,28.19502113736787],[76.63033314127254,28.19527955959436],[76.63016951720898,28.19539280553674],[76.62999129471024,28.19551219052017],[76.62969163587712,28.19567373095074],[76.62956401770701,28.19573703235392],[76.62940779318397,28.19582181448749],[76.62926898207348,28.19587716230436],[76.62913012989287,28.19592783126578],[76.62897422232021,28.19600574136598],[76.62882654792531,28.19607571537623],[76.62861627155604,28.19617169785083],[76.62856018525495,28.19619850227922],[76.6284270004868,28.19625430413522],[76.62827206108808,28.1963011852447],[76.62818178200148,28.19633000986343],[76.62805435619185,28.19635818127842],[76.62792096517218,28.1963802032611],[76.62777015889988,28.19641691676784],[76.62769871270709,28.19644147082505],[76.62757743634725,28.19648676972057],[76.62745729396583,28.19652577336703],[76.62729026692679,28.19657514456457],[76.62714098737783,28.19662901329663],[76.6269898137739,28.19667434290117],[76.62691032331387,28.19668622509551],[76.6268392998676,28.19669793626925],[76.62676704618794,28.19671702636813],[76.626680669598,28.1967361774775],[76.62658343602426,28.19675322316922],[76.62646482027358,28.19680807532846],[76.62628812511488,28.19687442355197],[76.62612799063851,28.19694738476879],[76.62598706594629,28.19700094145191],[76.62578774198184,28.19711552957724],[76.62565051713061,28.19715851895175],[76.62542328598207,28.19725298755829],[76.62522839737667,28.19733648467363],[76.62500257100534,28.19741718119072],[76.6248301876307,28.19747137278513],[76.62469795570088,28.19750702422963],[76.62454850335699,28.19751186118491],[76.62440695052649,28.19752433786772],[76.62422837089504,28.19754787300531],[76.62417031708122,28.1975048241518],[76.62406888546273,28.19749416376514],[76.62392182571739,28.19748770166208],[76.6237210536724,28.19751377778126],[76.6235131244671,28.19753086885498],[76.62333935629847,28.19752971110868],[76.62317439391292,28.19752013658481],[76.62293864611058,28.19751497322777],[76.62269884825812,28.19752746812945],[76.62269183802708,28.19748982634478],[76.62268292192735,28.19741972190323],[76.62265774742747,28.19734423155777],[76.62264237934473,28.19730373393272],[76.62263213590032,28.19726378121377],[76.62261916165339,28.1972262682144],[76.62260731317781,28.19717608815336],[76.62258301079127,28.19710771609956],[76.62256395927257,28.19706534554975],[76.62254608175998,28.19702356839326],[76.62252186898421,28.19697469126668],[76.62250380108811,28.1969283159868],[76.62248701984868,28.19689367000852],[76.62242789925733,28.19679027741435],[76.62237245123268,28.19667935703607],[76.6223269778004,28.19660212824157],[76.62227291294948,28.19652180877889],[76.62222426151766,28.1964378295421],[76.62215836509141,28.19635196299911],[76.62208444516531,28.19631079498548],[76.62197189265895,28.1962829651573],[76.62182765675408,28.19624213328554],[76.62169610566009,28.19621285726972],[76.621555093037,28.1962048976062],[76.62129020539953,28.19620933965112],[76.621133966448,28.19604600850429],[76.62100141284935,28.19586451765045],[76.6209034854557,28.19569005293738],[76.62084622498898,28.19552774233258],[76.62083679047926,28.1953306760929],[76.62079818088898,28.19520748173268],[76.62073702166971,28.19504171723184],[76.62066254945807,28.19495012319724],[76.62057817057293,28.19484247550641],[76.62051634335486,28.19469718871111],[76.62057198909571,28.19456158876683],[76.62076756758937,28.19435268019518],[76.62096780478815,28.19420810864992],[76.62119582247865,28.19406338026549],[76.62126138088674,28.19400891735079],[76.62080167823363,28.19357953521152],[76.62031518030513,28.19309025893734],[76.62025885398535,28.19303488944322],[76.62003520717761,28.19279717391333],[76.61992979308936,28.19265494117634],[76.61983973994731,28.19258876015834],[76.61963880161123,28.19243834312715],[76.61935213068452,28.19222418651036],[76.61926451880271,28.19218217986981],[76.61909520914148,28.19200699624358],[76.61911220806617,28.19202184762948],[76.61912794097101,28.19204678708147],[76.61910993793866,28.19197993217645],[76.61914104901658,28.19194620406963],[76.61928724679522,28.19178770942064],[76.61937234913647,28.1917116204618],[76.61947804166358,28.19161885824487],[76.61956847736052,28.19170290586434],[76.61967293559808,28.19171532457433],[76.61979010092678,28.19174265198238],[76.61996588629549,28.19171448555036],[76.62024139714643,28.19168497564178],[76.62051465555892,28.19163339026488],[76.62078473709916,28.19158501396652],[76.62108304517061,28.1915082551036],[76.621401230097,28.19146402472691],[76.62171626625947,28.19140052574351],[76.62252194920397,28.19123864231376],[76.6229058774145,28.19199320455284],[76.6232186225356,28.19253713764393],[76.62379198977531,28.193435537001],[76.62486768812553,28.19300088581485],[76.62570357710489,28.19267944795148],[76.62637971592642,28.19252119426118],[76.62742659966068,28.19220634601047],[76.6286066616182,28.19178818740255]]]},"properties":{"name":"7","description":"7 6/2 18/1 16 1","styleUrl":"#msn_ylw-pushpin3","fill-opacity":0.5019607843137255,"fill":"#aa55ff","stroke-opacity":1,"stroke":"#0000ff","icon-scale":1.1,"icon-offset":[20,2],"icon-offset-units":["pixels","pixels"],"icon":"http://maps.google.com/mapfiles/kml/pushpin/ylw-pushpin.png"}},
{"type":"Feature","geometry":{"type":"Polygon","coordinates":[[[76.62206742298456,28.19952325481295],[76.6220138761714,28.19944333575043],[76.62194669277143,28.19934002424355],[76.62190134429498,28.19922240146],[76.62185967556582,28.19914776031231],[76.62184855312125,28.19909422792535],[76.62183285892601,28.19905658836763],[76.62181847406261,28.19902509258351],[76.62180552703407,28.19900738653948],[76.62179075769605,28.19899102601802],[76.62175672333771,28.19898688956996],[76.62171522042004,28.19899280749768],[76.62168928355143,28.19899589097617],[76.62166154587057,28.19899369719342],[76.62164918836197,28.19895570197976],[76.62163392893606,28.19892088824093],[76.62162002995376,28.19887341197764],[76.62160872807533,28.19883274160748],[76.62160370394132,28.19878759113069],[76.62159665065818,28.19873895804943],[76.62154347581257,28.19873360308828],[76.62150080447222,28.19873614364704],[76.62144512227896,28.19874197659549],[76.6214051843257,28.1987414806317],[76.6213582687386,28.19873406158597],[76.62128602369759,28.19871445507674],[76.62123910848099,28.1987095457484],[76.62118785325293,28.19871268984611],[76.62113575506044,28.19871723816741],[76.62107392522407,28.19873088051155],[76.62103130439334,28.19874673781303],[76.6209880050971,28.19877593653083],[76.62094792269218,28.19880376049811],[76.62089236619794,28.19886187633825],[76.6208699501535,28.19890099624669],[76.62085308481984,28.19893104677043],[76.62083242946962,28.19895666472236],[76.6208203823334,28.19899812271219],[76.62082248122456,28.19904061317775],[76.6208120339791,28.19909172628702],[76.6208024280165,28.19915606083513],[76.62080292602043,28.19921378978832],[76.62079344656048,28.19928714954845],[76.62078498794125,28.19936699155129],[76.62074559406824,28.19936393908229],[76.62069511548482,28.19934851456466],[76.62061407445215,28.19933206715109],[76.62058080513718,28.19931912050523],[76.62049250682126,28.19927954320491],[76.62044007309045,28.19924296033422],[76.62039890004326,28.19921536580653],[76.62036088472895,28.19919533904767],[76.62030512121906,28.19917515569902],[76.62026411485073,28.19914426108078],[76.62021534636757,28.1991094275551],[76.62017650217521,28.19907060795272],[76.62016538978264,28.19905108737078],[76.62014853428077,28.19901014746912],[76.62014295755938,28.19897582308577],[76.6200008983446,28.19897105093105],[76.61981383326113,28.19899022419264],[76.6197636809699,28.19894071200987],[76.61964752945124,28.19894014756369],[76.61949853121855,28.1989298968837],[76.61940287057931,28.19890781525307],[76.61929683147206,28.19891414630344],[76.61923357652455,28.19891002358368],[76.61917325401808,28.19889858274424],[76.61911788377117,28.19888294459767],[76.61903300064874,28.19885311319402],[76.61898577506238,28.19882389856922],[76.61895254749322,28.19880140249852],[76.61887997049627,28.19876262859587],[76.6188526296168,28.19877245910411],[76.61880999771712,28.19878454361153],[76.61878207514684,28.19879456889713],[76.61876171420407,28.19880217608025],[76.61874095513681,28.19879012516348],[76.61867685524089,28.19875357111092],[76.61858880646224,28.19870336293845],[76.61850142681479,28.19865270810869],[76.6184192561262,28.19858807751751],[76.6183596702192,28.19855337421401],[76.61828655123072,28.19850483510849],[76.61823751316092,28.19847667011692],[76.6181805881561,28.1984411645013],[76.6181261644854,28.19839933541915],[76.61808852580738,28.19835886134263],[76.618061993692,28.19832347651359],[76.61804654282827,28.19827890843361],[76.6180311076343,28.19822792695789],[76.61799811373898,28.19818780091267],[76.61797817879317,28.1981609289637],[76.6180408053366,28.19812784780405],[76.6181232751622,28.19809425754486],[76.61821284269675,28.19805637626335],[76.61829815908668,28.19801652446006],[76.6183873566397,28.19798506132861],[76.61846433210619,28.19794630645801],[76.6185337709508,28.19791911671913],[76.61860018442407,28.19788663435378],[76.6186502604786,28.19787225051358],[76.61872464066747,28.19783888234479],[76.61882941054324,28.19783949203953],[76.61892763635642,28.19780004683246],[76.61899292533131,28.19777709404053],[76.6190629896269,28.19776734272415],[76.61934470966862,28.19778867744885],[76.61944929848482,28.19777263672012],[76.61954421521664,28.19776132367261],[76.61970568834758,28.19774179159406],[76.61985404042363,28.1977263444674],[76.62002240561526,28.19770773705536],[76.6201926404098,28.19768747330476],[76.62033454520048,28.19768079133673],[76.62038961310041,28.19767479742104],[76.62055819913971,28.19771438173829],[76.62072413569021,28.19777838297373],[76.62087148258026,28.19780997783468],[76.6209964519931,28.19782911880807],[76.62112957859951,28.19782737995342],[76.62130478027686,28.19782500215909],[76.62141451669555,28.19781219261308],[76.62155005998439,28.19779073176315],[76.62163625649067,28.19778080938613],[76.62169714435498,28.1977603168402],[76.62174122300169,28.19774417808932],[76.62182540172009,28.19772707871648],[76.62185900861726,28.1977138742131],[76.62182923808194,28.197651646399],[76.62177765913982,28.19753599606488],[76.62173296735862,28.19742810488335],[76.62168642858447,28.19734050382896],[76.62165358792178,28.19728198071101],[76.62162204507861,28.19720973869689],[76.6215895656831,28.19714783131574],[76.62155954691005,28.19709320288795],[76.6215318373746,28.19704492895199],[76.62149548766571,28.19699912646909],[76.6214520329997,28.19695348181067],[76.62141283930674,28.19691182870255],[76.62137005746065,28.19686370291853],[76.62133307634649,28.19682210804357],[76.6212895371506,28.19677004126163],[76.62125041175698,28.19671811284329],[76.62122132698799,28.19667770719685],[76.62119474825998,28.19664242309164],[76.62117555426497,28.19661694246576],[76.62119840201174,28.19658181456902],[76.6212397010705,28.19651792936869],[76.62127180212418,28.19647366908405],[76.62127912598143,28.19645009586757],[76.62128227128547,28.1964195167861],[76.621263858289,28.19638088866109],[76.62125050332367,28.19634177285829],[76.62124534958063,28.19629142376218],[76.62124675072337,28.19625863931816],[76.62125636129485,28.19623443023342],[76.62127955731523,28.1962135182587],[76.62133225772915,28.19620695216332],[76.62138203495209,28.19620622577829],[76.62143131453736,28.19620789103052],[76.62148172584851,28.19620347210862],[76.62153252014528,28.19620321851611],[76.62158992058012,28.19620255960934],[76.62164755439939,28.19620695497192],[76.62172508144309,28.19621880783722],[76.62180625622888,28.19623812121008],[76.62189645268734,28.19625420064195],[76.62197329929705,28.19627577304538],[76.62204773826069,28.19629789216702],[76.62210403698464,28.1963226740029],[76.62217469581768,28.19637047115729],[76.62222484563743,28.19643968505238],[76.6222767546994,28.19652321062664],[76.62232231909644,28.1965933570672],[76.62238264754475,28.19670866296131],[76.62242145288182,28.19678359342356],[76.62246079314994,28.19684640588723],[76.62250135442243,28.19691775425263],[76.62252223654406,28.19697415433175],[76.62256105916606,28.19705087779105],[76.62260615414013,28.19717789698392],[76.62262967037157,28.19726341553409],[76.62264561443169,28.19731463852983],[76.62265965204823,28.19736364561588],[76.62267992014026,28.19741387545904],[76.62268991192896,28.19748286244823],[76.62269569059248,28.19752564403663],[76.62290345190418,28.19751727401525],[76.62335010707386,28.19754142762622],[76.6236011610856,28.19755028208743],[76.62390173232683,28.19751329458975],[76.62405177408313,28.19748915680308],[76.62422883459658,28.19755540954722],[76.62425194608205,28.19801264986846],[76.62427188543239,28.19832532248037],[76.62430749957232,28.19875171157701],[76.62432385407864,28.19886133826699],[76.62433742957874,28.1989834204999],[76.62435075783247,28.19910327780548],[76.62438256308991,28.19919773305747],[76.62437791131788,28.19934745706096],[76.62435725812792,28.19943309901972],[76.62433159554219,28.19955499297564],[76.62429438007743,28.19965454043588],[76.62426509760961,28.19973897871845],[76.62424415548512,28.19980768216934],[76.624216927934,28.19989403345284],[76.62416869750749,28.19996228372251],[76.62414025483979,28.20002123683926],[76.6240925862972,28.20010575977764],[76.62406029805257,28.20016105734037],[76.6240074869568,28.20023223576466],[76.6239424319021,28.20019998026262],[76.6238490051207,28.20014560712161],[76.62373927628079,28.20005970278375],[76.6236220827843,28.19999022811795],[76.62350724258397,28.19993440852558],[76.6233882476571,28.19987467915264],[76.623267754285,28.19978962607464],[76.62313477189095,28.19970133915153],[76.62307753590571,28.19965535565476],[76.62300885793002,28.19957206806136],[76.6229493693664,28.19948540823489],[76.62286920682554,28.19940805991098],[76.62279574544304,28.19935575243708],[76.62270753889162,28.19934037747239],[76.62262496442234,28.19934525461275],[76.62246823152945,28.19935086845113],[76.62233514556353,28.19940925852142],[76.62220331417129,28.19945196381061],[76.62206742298456,28.19952325481295]]]},"properties":{"name":"8","description":"8/1","styleUrl":"#msn_ylw-pushpin4","fill-opacity":0.5019607843137255,"fill":"#55ffff","stroke-opacity":1,"stroke":"#0000ff","icon-scale":1.1,"icon-offset":[20,2],"icon-offset-units":["pixels","pixels"],"icon":"http://maps.google.com/mapfiles/kml/pushpin/ylw-pushpin.png"}},
{"type":"Feature","geometry":{"type":"Polygon","coordinates":[[[76.61905330382217,28.2008098608356],[76.61891347325476,28.2008137530861],[76.61867393193174,28.20082010262148],[76.61847671419872,28.20082761135897],[76.61820060056452,28.20079768824839],[76.61803703206937,28.20081403269184],[76.61788119512023,28.20082333928467],[76.6177083652536,28.20081076045],[76.61748117520631,28.20081096707349],[76.61737411568437,28.20078511757951],[76.61726789040262,28.20074346064522],[76.61713343267441,28.20070561704719],[76.61695537075572,28.20066340882244],[76.6167975137279,28.20064417528618],[76.61668683175904,28.20060956656977],[76.61646500705329,28.20054772496504],[76.61621752512148,28.20041852261992],[76.61601141079322,28.20032886187215],[76.61585362471871,28.20026420282116],[76.61568761773859,28.20028966811547],[76.61547570927733,28.20034720577017],[76.61527811763611,28.20043049172302],[76.61515278989691,28.20048024922361],[76.61494022955898,28.20054904451912],[76.61478071646833,28.2006379634008],[76.61461569347615,28.20067845657724],[76.61453820498907,28.20049059106858],[76.61444809809826,28.20029072915517],[76.61433256314017,28.2000409026536],[76.61429520723385,28.19983431240404],[76.6142520639433,28.19968472822742],[76.61420935548836,28.199553134103],[76.6141504303138,28.19938414078529],[76.6140928086899,28.19921961265418],[76.61420989371017,28.19917533388518],[76.61443866414214,28.19910131613076],[76.61464754339183,28.19903770737457],[76.61479383797901,28.19900662015704],[76.61501787013573,28.19892026270848],[76.615158471566,28.19886288031016],[76.61524906564443,28.198807691412],[76.6151774882866,28.19863658310786],[76.61510929422165,28.19848561423084],[76.61505137923714,28.19834059390706],[76.61498138713118,28.19819306305594],[76.61492456748873,28.19805813103317],[76.61490446170866,28.19799662816085],[76.61503228493596,28.19794844416139],[76.61516785051683,28.19793326922142],[76.61532319536308,28.19796376478745],[76.61547140097406,28.19801361477121],[76.61544781141762,28.1979006397318],[76.61542175921313,28.19778001203376],[76.61554775850921,28.19771060749757],[76.61566772435624,28.19762089779726],[76.61580553146517,28.19752759151766],[76.61593377437498,28.19741461482324],[76.61602223034309,28.19734557767317],[76.61612218264777,28.19728048899417],[76.61619525152211,28.19725853237419],[76.61628415100071,28.19725517459757],[76.61638844353612,28.19725262400248],[76.61648834555415,28.19725941113882],[76.61660212021957,28.19727057980215],[76.61669696074746,28.19730172531467],[76.61679031872787,28.19732992366608],[76.61689710043562,28.1973470290554],[76.61698152362621,28.1973529881722],[76.61706228325703,28.19735907203536],[76.61714426380286,28.19735386285757],[76.61725649290068,28.19734318565001],[76.61732045008584,28.19734019757049],[76.61740793537098,28.19732967497343],[76.61743051224957,28.19741397083344],[76.61744936863836,28.19746844750166],[76.61747249268406,28.1975115478005],[76.61754241659393,28.19746337658641],[76.61757006963445,28.1975457512089],[76.61759680087823,28.19761344552443],[76.61763407408957,28.19770097825301],[76.6176719721093,28.197771868586],[76.61772112402008,28.19788591948096],[76.6178102187122,28.19801373023872],[76.61793522650905,28.19817868768039],[76.61797496552099,28.19815763436432],[76.61802925473465,28.19823054102816],[76.61805732549612,28.19831334891288],[76.61809414791153,28.19836892903229],[76.61817689799072,28.19843899199572],[76.61822878421428,28.19846945984334],[76.61832194651933,28.19852839601197],[76.6183847042907,28.19856987165459],[76.61842725380663,28.19860124217895],[76.61849692946035,28.19864519453256],[76.61863414348684,28.19873250934741],[76.61875735672973,28.19879565081967],[76.61877198343358,28.19891958818986],[76.61877940093888,28.19901149699523],[76.61878860711484,28.19908009615618],[76.61881222459628,28.1992077037081],[76.6188406716705,28.1992506967012],[76.61887806792299,28.1993126855138],[76.61893206608656,28.19940329768808],[76.61900508495192,28.19951408840143],[76.61904238590091,28.19961527205196],[76.6190607761029,28.19970322232194],[76.61908389724626,28.19979424495746],[76.61910300437157,28.19992096171837],[76.6191204419694,28.19999290738203],[76.61914883781053,28.2000852350346],[76.61917825383944,28.20018276989132],[76.61920601276671,28.20027313593192],[76.61926615085106,28.20049149487432],[76.61929161692484,28.20057340970788],[76.61932345205484,28.20065301264951],[76.61934076013641,28.20070670271148],[76.61929476816492,28.20075044113241],[76.6192663323789,28.20081119060558],[76.61905330382217,28.2008098608356]]]},"properties":{"name":"9","description":"9","styleUrl":"#msn_ylw-pushpin110","fill-opacity":0.5019607843137255,"fill":"#ff0000","stroke-opacity":1,"stroke":"#0000ff","icon-scale":1.1,"icon-offset":[20,2],"icon-offset-units":["pixels","pixels"],"icon":"http://maps.google.com/mapfiles/kml/pushpin/ylw-pushpin.png"}},
{"type":"Feature","geometry":{"type":"Polygon","coordinates":[[[76.62392515886164,28.20028710308143],[76.62389570209754,28.20035030261399],[76.62387048160761,28.2004456569026],[76.62384137197151,28.20053478746867],[76.623795509357,28.20068150929088],[76.62374158497398,28.20086874220146],[76.62366539583589,28.20111283783408],[76.62360119614148,28.20136503849568],[76.62357460311411,28.20148519763974],[76.62352459078065,28.20166405417054],[76.62350376213607,28.20176349157378],[76.62349137434428,28.20183065211114],[76.6234478474214,28.20197366787581],[76.62343298092297,28.20203700884681],[76.62341343722501,28.20210351678829],[76.6233755891013,28.202205755381],[76.62335325148076,28.2022707139909],[76.62332652591121,28.20233777100169],[76.62330643924034,28.2023774075514],[76.62329074169499,28.20240856089141],[76.62324129753439,28.20249755904619],[76.62315238081361,28.20261668199027],[76.62309079366622,28.20267014166052],[76.62303393561788,28.20272792770496],[76.62295138891007,28.20279672017809],[76.62286628146637,28.20286430393739],[76.62274327499973,28.20295204322631],[76.6225084468161,28.20308231011483],[76.62236584273872,28.20315642946793],[76.62225170428985,28.20320704141502],[76.6221164282876,28.20327028247193],[76.62200201773706,28.20331374086575],[76.62180542795642,28.20339381916013],[76.62167662568955,28.20343946273826],[76.62154618299415,28.20326484938809],[76.6214184468301,28.20311260378008],[76.62122227549216,28.20287519800878],[76.62113038420799,28.20274678815331],[76.62089184457267,28.2024523380446],[76.62060900488743,28.20208179296058],[76.6204991125511,28.20194738550576],[76.62039114366758,28.20178834518076],[76.62028071491832,28.20164753966367],[76.6202001576872,28.20155595420866],[76.62004017259956,28.20138964737534],[76.61995529707833,28.20130870206255],[76.61989526696547,28.20122065364865],[76.61981702767794,28.20114350460815],[76.61972017462014,28.20103511519403],[76.61961806021257,28.20096887803292],[76.61956068970733,28.20093681984023],[76.6194956400558,28.20092161633682],[76.61945349146303,28.20090253934002],[76.61946052145939,28.20086597762014],[76.61946955380546,28.20083074500206],[76.61946561008561,28.20078742480056],[76.61942321906572,28.20074052755927],[76.61938449358495,28.20072688160505],[76.61933871268113,28.20072010171846],[76.61931560369459,28.2006249301986],[76.61927927053223,28.20053521082192],[76.61924905597571,28.20041610425559],[76.61922759598245,28.20032130372313],[76.6192094226066,28.20025668726573],[76.6191765102041,28.20018733270937],[76.61916623631296,28.20012852000815],[76.61913756026975,28.2000457756573],[76.61911222642742,28.19996499898905],[76.61909805733872,28.19989109625359],[76.6190858930577,28.19983570583735],[76.61908280715586,28.1997797719199],[76.6190729082624,28.19973301941548],[76.61906473943539,28.19969262790401],[76.61905124643347,28.19964137840714],[76.61903556664707,28.19958775261874],[76.61901435396075,28.1995459480576],[76.61900880218731,28.19951623368692],[76.61896759276306,28.19945107052758],[76.61892885340241,28.19939723408419],[76.61890195110631,28.19934003921555],[76.61887560611544,28.19929705844689],[76.61884342044446,28.19925144713249],[76.61881343420687,28.19920884642673],[76.61881182429839,28.19917937786927],[76.61880428339015,28.19913356371314],[76.61879709442843,28.19908726297789],[76.61878851602188,28.19901960102824],[76.61878106053439,28.19896582171809],[76.61877521099125,28.19891509004681],[76.61876642174991,28.1988732470051],[76.6187587507101,28.1988416361373],[76.61875713382209,28.19880402321845],[76.61881769579408,28.19878291188556],[76.61888136610095,28.19876275990201],[76.61895388093602,28.1988152754385],[76.61902515122162,28.19885519976596],[76.61913488594068,28.19889015335213],[76.61926328150854,28.19891306035285],[76.61935491199421,28.19891404942734],[76.6194534366952,28.19891853014288],[76.61955921980083,28.19893007793003],[76.61968336259027,28.19895576877666],[76.61980121076222,28.19897768849575],[76.61989496081897,28.19900378001785],[76.62001281359981,28.19899271110905],[76.62014484362629,28.19897513053714],[76.620152403563,28.19903672502947],[76.62018705838534,28.19908740858597],[76.62026418575077,28.19914554320072],[76.62031841884125,28.19918021280104],[76.62038536918888,28.19920982724203],[76.62045698495213,28.19925806579865],[76.62051986501707,28.19929006067025],[76.62060597521929,28.19933067465778],[76.62069822758768,28.19934894729256],[76.620782126818,28.19937028187032],[76.62079179126098,28.19930867041661],[76.62079863217872,28.19925200850486],[76.62080294359188,28.1991735959887],[76.62080551014432,28.19910278088411],[76.62082127498303,28.19904389704958],[76.62082085565066,28.19897405677668],[76.62086540234505,28.19891588551757],[76.62087636254397,28.19887975680627],[76.62091615953841,28.19884244280266],[76.62095245151792,28.19880520137261],[76.62101004140649,28.19875829854449],[76.62107724268581,28.19872781757001],[76.62115242712164,28.19871408391025],[76.62122531763318,28.19870718911419],[76.62127455997583,28.19870933549842],[76.62131596116373,28.19872399547123],[76.62135442341236,28.19873662850286],[76.62141343614914,28.1987426474432],[76.62148400695703,28.19873630880162],[76.62153279870488,28.19873845901799],[76.62159628383819,28.19873706884558],[76.62160617467882,28.19879733756485],[76.62161009882647,28.19883977468545],[76.62162570505099,28.1988901303313],[76.62164197934712,28.19893673632864],[76.62166267903835,28.19899924290456],[76.62172550044946,28.19899272840602],[76.62177675056031,28.19898688986799],[76.62180348713336,28.19900151775355],[76.6218253371183,28.19903648266615],[76.62185096887767,28.19910678205749],[76.62187687502934,28.19918209505959],[76.62190375360484,28.19924297964208],[76.62193485305175,28.19931689281632],[76.62197518478435,28.19938445835671],[76.62201217765733,28.19944024484435],[76.62206633569174,28.19952827136792],[76.62211877825061,28.19949799930976],[76.62224400680451,28.19943056055706],[76.62233784565439,28.1993930590451],[76.62246041343933,28.19935888462077],[76.62257388026075,28.19933410474697],[76.62268473757837,28.19932073047892],[76.62274339808278,28.19932548056429],[76.62279890645891,28.19934954396497],[76.62286471942515,28.19940132665319],[76.62291387791807,28.19944554954599],[76.62297047795934,28.19953051044283],[76.6230302235088,28.19958807284105],[76.62313145453668,28.19972174475041],[76.62323749529611,28.1997968513279],[76.6232985312208,28.19984347927108],[76.62347353777675,28.19992820566155],[76.62362240348342,28.20001977344234],[76.62367393734127,28.20006012949561],[76.62373588836658,28.20009861578076],[76.6237880407311,28.20013577439251],[76.6238346146588,28.20016840911197],[76.62388203959318,28.20019375380096],[76.62394574276384,28.20022773217593],[76.62392515886164,28.20028710308143]]]},"properties":{"name":"10","description":"10","styleUrl":"#msn_ylw-pushpin5","fill-opacity":0.5019607843137255,"fill":"#ffff00","stroke-opacity":1,"stroke":"#0000ff","icon-scale":1.1,"icon-offset":[20,2],"icon-offset-units":["pixels","pixels"],"icon":"http://maps.google.com/mapfiles/kml/pushpin/ylw-pushpin.png"}},
{"type":"Feature","geometry":{"type":"Polygon","coordinates":[[[76.63579168554705,28.19123055770306],[76.63525679837484,28.19038240278817],[76.63438637198853,28.188915417816],[76.6342621320104,28.18872214629002],[76.63393381822347,28.18897810380502],[76.63370089143721,28.18927382334216],[76.63348928965857,28.18947926036401],[76.63312979210167,28.18985978735232],[76.6324535033235,28.19046713393372],[76.63181688973104,28.19097318399459],[76.62916475032827,28.19157743935518],[76.62894062751141,28.19039528685098],[76.62854960514085,28.18950753632279],[76.62806367764152,28.18874075152853],[76.6278225794102,28.18838959820274],[76.62766932872255,28.18815067117938],[76.62908206039205,28.18736422990795],[76.627707803668,28.18517963632801],[76.62672533582344,28.18361404803414],[76.62565282262007,28.18236838563289],[76.62489983996808,28.18188710307223],[76.62419634995238,28.18168847977446],[76.62322752836742,28.18137076912987],[76.62358014078589,28.18037245892419],[76.62397812558017,28.17907258513941],[76.6242998578093,28.17821394962579],[76.62468505740546,28.17724881265789],[76.6253797608414,28.17771981987333],[76.62539309703857,28.17889077755966],[76.62742102206775,28.17629360774237],[76.63007605481683,28.17484975734516],[76.63196602068088,28.17409418373414],[76.63631679490034,28.17340219807577],[76.63669162768439,28.17413753603482],[76.63711671074105,28.17629200510271],[76.63795196045939,28.17790260842867],[76.63965049732751,28.18027966592634],[76.64345430437002,28.18340609526534],[76.64180461219233,28.18439409926935],[76.64205398825636,28.18502915739157],[76.6421883196978,28.18542476795322],[76.64189273298253,28.18610816937258],[76.64195527696545,28.18629466990014],[76.64207554508447,28.18674340465994],[76.64194638783734,28.18701296217781],[76.64168325098325,28.18760324061136],[76.64165688881212,28.1877230990095],[76.6416526295467,28.18789146234559],[76.64134327818249,28.18816698498916],[76.64096276088398,28.18851282150468],[76.64071340852904,28.18869637499938],[76.64021826928098,28.18898501723132],[76.63990989209096,28.18919255343229],[76.63966057857309,28.18936348855288],[76.63938040846605,28.18951097174878],[76.63878932081266,28.18978432078019],[76.63831664287743,28.19001518190885],[76.6367045631725,28.19073229346625],[76.63580581147991,28.19129042677109],[76.63579168554705,28.19123055770306]]]},"properties":{"name":"11","description":"12/2","styleUrl":"#msn_ylw-pushpin6","fill-opacity":0.5019607843137255,"fill":"#ff00ff","stroke-opacity":1,"stroke":"#0000ff","icon-scale":1.1,"icon-offset":[20,2],"icon-offset-units":["pixels","pixels"],"icon":"http://maps.google.com/mapfiles/kml/pushpin/ylw-pushpin.png"}},
{"type":"Feature","geometry":{"type":"Polygon","coordinates":[[[76.63582515676278,28.19127250217774],[76.63670774737415,28.19073767764094],[76.63779917619001,28.19025967664617],[76.63856181869302,28.18982823147978],[76.6393990083067,28.18949674083759],[76.64015044043946,28.18902592156923],[76.6409223773969,28.18853497383174],[76.64165862280211,28.18789140912063],[76.64187204825419,28.18832890701997],[76.64210958148931,28.18874229347425],[76.64234194947528,28.18932715292967],[76.64254758653435,28.18986979856237],[76.64284231467076,28.19056060514951],[76.64299549851432,28.19108901502478],[76.64309819422778,28.19164714975867],[76.64325463034122,28.19260674466954],[76.64327510116092,28.19322945324314],[76.64360522124231,28.19322522536257],[76.64441016771946,28.19322520057757],[76.64508295200109,28.19321026931799],[76.64569251597658,28.19320255398475],[76.64567907908686,28.19292788236285],[76.64568268404257,28.192669517465],[76.64666966167046,28.19265259181119],[76.64773446884779,28.19264256491108],[76.64783463123683,28.19299762686213],[76.64805487428292,28.1937167451012],[76.64813381593486,28.19372834739291],[76.64813317595458,28.19396119459191],[76.64812839532262,28.19451184773802],[76.64912511387828,28.19457662970274],[76.64912917227551,28.19479509669474],[76.64985519750152,28.19479823735698],[76.6498556106401,28.19524338541576],[76.64986526223296,28.19557590462395],[76.64987777903798,28.19595584160725],[76.64986860975351,28.19642008463086],[76.64915722681445,28.19643600576784],[76.64913152969936,28.19727959582682],[76.64922196785233,28.19856785849577],[76.64776358694647,28.19861973507414],[76.64774433607522,28.19804914408836],[76.64421249449329,28.19818041680781],[76.644885698718,28.20012476362367],[76.64635227675933,28.19996244000168],[76.64783593093962,28.19978347016472],[76.648392939282,28.19964891143413],[76.64876205928792,28.19949140009492],[76.64914520689507,28.19936000941419],[76.64945967337462,28.19929414723975],[76.64983602225367,28.19924067517314],[76.65137558879013,28.19914233772073],[76.65246770126356,28.19911958797805],[76.65348032668467,28.19902291769597],[76.65401776483132,28.19902738236604],[76.6542321727376,28.19899188807646],[76.65456314079165,28.19886641315682],[76.6548507949126,28.19878738032387],[76.65513038818729,28.19871982861433],[76.65586335614918,28.19983968771587],[76.65629219689293,28.20047047654877],[76.65671694603468,28.20108857458274],[76.65713763338825,28.20179732952163],[76.65765824392028,28.20272347735294],[76.65800347879387,28.20359539741679],[76.6582473117985,28.20414479690042],[76.65840779343411,28.20456706752566],[76.6585804684515,28.20486480409312],[76.65824709400678,28.20495494007384],[76.65782652398495,28.20496012415523],[76.65727180047081,28.20510454399686],[76.65692292020047,28.2053355877026],[76.65597984520898,28.20577088598841],[76.65556326466567,28.20608315174531],[76.65517117730857,28.20628159212464],[76.65481209223344,28.20647052360754],[76.6546245544243,28.20661999089723],[76.65425061869725,28.20698540773682],[76.65375251587159,28.20745859865559],[76.65309462069118,28.20815096165355],[76.65238095421958,28.20875269752582],[76.65185654678204,28.20921935333933],[76.65123208667725,28.20969705844495],[76.65033946938881,28.21041605381985],[76.64995219972415,28.21073045109238],[76.64980636419948,28.21084593078504],[76.64997775571673,28.21102528991497],[76.65025519485975,28.21128986115429],[76.65055407033728,28.2115769168658],[76.65073021521789,28.21186459148196],[76.651114757999,28.21238257702689],[76.65139944012519,28.21278791608203],[76.65174709950662,28.21324699805114],[76.65190788112274,28.21347068668828],[76.65213273503156,28.21378930028754],[76.6518166309087,28.21358901827204],[76.6514823305949,28.21349705724218],[76.6512487285056,28.21334742867502],[76.6507759581838,28.21311453973489],[76.65045559998072,28.21299131141442],[76.64923522681589,28.21244648456435],[76.64850557561174,28.21209405936042],[76.64806329279429,28.21184478506898],[76.64759141053408,28.21155494908647],[76.64668545183885,28.21101773630865],[76.64605060653763,28.21067828566751],[76.6455270970808,28.21035922303758],[76.64507487727808,28.21010730184106],[76.64463740427341,28.20988190166698],[76.64380887533245,28.20948667974727],[76.64338278839564,28.20926876759053],[76.64310931793545,28.20915496021523],[76.64291675450123,28.20902633726431],[76.6426710974958,28.20887514967652],[76.64236006268169,28.20870892523321],[76.64205527065921,28.20860421252291],[76.64163660168846,28.20842647340823],[76.64130400863482,28.20830371619164],[76.64071214095655,28.20812426184749],[76.64027143755327,28.20795649341954],[76.64001418646436,28.20788346106916],[76.63963040496205,28.20776074744643],[76.63934391225305,28.20762911352345],[76.63895265717208,28.20748451559176],[76.63844676108587,28.2072763243213],[76.63812176404711,28.20714970185603],[76.63744340722788,28.20688499659115],[76.63693640384146,28.20671116582793],[76.63628449320514,28.20645441734906],[76.63637124707024,28.20611765769485],[76.63671188962735,28.20511903132183],[76.6370499542319,28.20396104545978],[76.63724572711179,28.20290381986007],[76.63724204637559,28.20138517460857],[76.63721167099288,28.20039081315991],[76.63721515794394,28.19987514068049],[76.6372769426238,28.19956542557929],[76.63726346733364,28.19820031679301],[76.63726768977605,28.19660610453974],[76.63727813974437,28.19532469504769],[76.63723648175389,28.19405815674975],[76.6370922146507,28.19345479306685],[76.63649327448665,28.19238029706321],[76.63617693231784,28.19187665393114],[76.63582515676278,28.19127250217774]]]},"properties":{"name":"12","description":"12/1","styleUrl":"#msn_ylw-pushpin7","fill-opacity":0.5019607843137255,"fill":"#ffff00","stroke-opacity":1,"stroke":"#0000ff","icon-scale":1.1,"icon-offset":[20,2],"icon-offset-units":["pixels","pixels"],"icon":"http://maps.google.com/mapfiles/kml/pushpin/ylw-pushpin.png"}},
{"type":"Feature","geometry":{"type":"Polygon","coordinates":[[[76.63100408249872,28.20432915919169],[76.6311223234264,28.20447149260113],[76.63133087217615,28.20462024966455],[76.63142193684232,28.2046346388829],[76.6315695199612,28.20459247567743],[76.63178200127155,28.20453500492152],[76.63195387267064,28.2044714555326],[76.63211097857224,28.20443200006845],[76.63226713114935,28.20436388272724],[76.63239045017151,28.2044188113725],[76.6325291342161,28.20453048438848],[76.63269880589681,28.20469095605833],[76.63286464621586,28.2048221050655],[76.63312665086795,28.20500156806198],[76.63335970441244,28.20515250965812],[76.6339312251749,28.20544458912577],[76.63441075352218,28.20568337221971],[76.63507895593668,28.20598818645644],[76.63586185592838,28.20634734323494],[76.63625612765505,28.20647834032011],[76.63734445645285,28.20686737454517],[76.63861228018945,28.20733549225281],[76.63923384729608,28.20758106283137],[76.63973646058619,28.20780052508121],[76.64045862392928,28.20804357185472],[76.64090703778753,28.20820572725732],[76.64153354132597,28.20836829786256],[76.64204265084058,28.20858770843942],[76.64239575172363,28.2087223608329],[76.6427290964378,28.20893422780498],[76.64302078508717,28.20912309264487],[76.64391544733711,28.20953708468582],[76.64451863088013,28.20983721155931],[76.64520235380323,28.21015977733709],[76.6458754228056,28.21057486551444],[76.64657491448867,28.21095451134654],[76.6468678363458,28.21114543258916],[76.64743498324695,28.21142690580095],[76.64780915435523,28.21169018297553],[76.64830647491017,28.21198287442943],[76.64862675741678,28.21215916009643],[76.64914638663684,28.21240851130327],[76.64952426466446,28.2125739189559],[76.65002062070626,28.21280061944973],[76.65054086888881,28.21302327272563],[76.65098168233295,28.21319634021822],[76.65146146158558,28.21347630101282],[76.65184987682461,28.21362029983589],[76.65210644266769,28.21376676697433],[76.65183961260084,28.21415527281449],[76.65151176204525,28.21462830686586],[76.65122966449609,28.21500669940931],[76.65090995248322,28.21545857095061],[76.65066171627579,28.21588343214663],[76.65042547160982,28.21621303771676],[76.65021350753538,28.21659170176647],[76.64993622698859,28.21695714509165],[76.64974776338434,28.21719268465536],[76.64956924842676,28.2174924710665],[76.64930549675024,28.21785723166866],[76.64911059175176,28.21820825734241],[76.64894261576907,28.21840256958605],[76.64879120838869,28.2186097419686],[76.64864437840781,28.21878351072819],[76.6485301584569,28.21899752680823],[76.64844548111301,28.2191534629596],[76.64835125560602,28.21929965054618],[76.64825901081912,28.21939531415173],[76.64813605900858,28.21946824070144],[76.64802580149008,28.21955726177037],[76.64790728546497,28.21966050611858],[76.64788263299826,28.21971138225542],[76.64782720935823,28.21975236871739],[76.64779979109241,28.21981155248358],[76.64777394072306,28.21996197031845],[76.64776983441948,28.2200579750567],[76.64774104968329,28.2201617505748],[76.64768205360183,28.22029312497028],[76.64764636831183,28.2203684411989],[76.64773414275317,28.22047264931517],[76.64781628547628,28.22054685780047],[76.6479201915868,28.22059457251132],[76.64801118334297,28.22066320848872],[76.6480619709384,28.22073922772821],[76.64811422467112,28.22082230822592],[76.64818072508382,28.22092538855172],[76.64824550172912,28.22105919320608],[76.64821863488801,28.22114672757988],[76.64812492954321,28.22121885763502],[76.64803358485015,28.22133245823576],[76.64796801371217,28.22140816974067],[76.64790001245107,28.22145963977566],[76.64782505197795,28.22150567873927],[76.64773113754046,28.22155106388687],[76.64769149840089,28.22162322803544],[76.64763443075023,28.22172998536927],[76.64757674258504,28.22186944761838],[76.64752241570159,28.22196410782953],[76.64745392623448,28.22204089920811],[76.64735888508646,28.22208002712489],[76.64731416256885,28.22214594370564],[76.64739786727552,28.22226985129021],[76.64745117339858,28.22243359332756],[76.64753289794174,28.22262005266681],[76.64754787349986,28.22272789902707],[76.64754933822813,28.2228286760031],[76.64752994114174,28.22291274238084],[76.64729331824745,28.22328113403944],[76.64694450071133,28.22388642815852],[76.64665316891463,28.22449456175363],[76.64613147193478,28.22508340627266],[76.64570576585672,28.22540296528794],[76.64523801294744,28.22568553126875],[76.64451218624939,28.22600495659771],[76.64402727186604,28.2254195782458],[76.64357826993958,28.22476517347969],[76.64263556010242,28.22361631919863],[76.64195065649915,28.22296494440508],[76.64159770219942,28.22265552468773],[76.64120740196395,28.22281618982641],[76.6410297484153,28.22291168139466],[76.64017728539721,28.22333455951545],[76.63969366338159,28.22358701844756],[76.63929233240098,28.22377137620214],[76.63888399585949,28.2239631682455],[76.63854758194886,28.22407780734411],[76.63786534662727,28.22332666356777],[76.6373654839595,28.22269379565228],[76.63658818394431,28.22162945957887],[76.63645248170205,28.22135047140169],[76.63613761880481,28.22102044306358],[76.63581407032876,28.22046903146242],[76.63545258262047,28.22004756059039],[76.63533160077971,28.21977913973105],[76.63520570069566,28.21986490474475],[76.63505536387791,28.21989359611663],[76.63486349220571,28.21996038171268],[76.6346684027884,28.22006313578484],[76.63437789747574,28.22022250936523],[76.63318133071864,28.2207274504146],[76.63249669654036,28.22118675474163],[76.63158926910798,28.22134759660258],[76.63065203334443,28.22171364492959],[76.62987766802337,28.22190321428434],[76.62916798056135,28.22192809123147],[76.62846979031919,28.22210658961471],[76.62809276074583,28.22209814867064],[76.62795078388281,28.22160893794616],[76.6276629404225,28.22109160119104],[76.62729648681534,28.22037774583861],[76.62698089464033,28.21993077202998],[76.62654732942114,28.21951071031252],[76.62625226949955,28.21926377595739],[76.62595094028066,28.21893965744857],[76.62571226256769,28.21858419705676],[76.62541106849372,28.21827370025334],[76.62520313476257,28.21813114043683],[76.62502289262115,28.21796295690335],[76.62485562979472,28.21770058127954],[76.62466305936158,28.21750116409976],[76.62448233356422,28.21732616050268],[76.62435323372057,28.21715809754049],[76.62417361331251,28.21704847088145],[76.62395324433658,28.21683580615466],[76.62379140332598,28.21668761412473],[76.62369030759344,28.2165103795162],[76.62356331992322,28.21639425670917],[76.62377863340812,28.21618700100235],[76.6242735949069,28.21585962562852],[76.62475852815138,28.21546207014496],[76.62468990029961,28.21521352388715],[76.62447945082225,28.21462463529216],[76.62438271235769,28.21421218674915],[76.62421531036028,28.2136852159896],[76.62412983856524,28.21334803747721],[76.62398774496367,28.21301792483561],[76.6238721005086,28.21288291680607],[76.62367983886635,28.21238271449234],[76.62360949159174,28.21223754396264],[76.62350916711799,28.21201338267667],[76.62346684013615,28.21175114408388],[76.6233722252981,28.21149647300391],[76.62334433309346,28.21129197577425],[76.62329993932184,28.21114556638509],[76.6239221660523,28.21068478533507],[76.62422019669108,28.21042077455835],[76.6243795357969,28.21034287840854],[76.6245330170004,28.21027002123134],[76.62471962436733,28.21016997277163],[76.62495988270452,28.21001178683811],[76.62525625035722,28.20978857410927],[76.62589054013249,28.20930749854368],[76.62626204968119,28.20904949361949],[76.62661182926287,28.20883155859984],[76.62686255376855,28.20863570628181],[76.62664479325595,28.20841622100645],[76.62637063006773,28.20816290072173],[76.62624122998488,28.20802899529122],[76.62596360317738,28.20784530258927],[76.62572055786993,28.20767016940206],[76.62551650142387,28.20747765941517],[76.62515648819638,28.20712602297759],[76.62489111668964,28.20686533213211],[76.62466651869916,28.20659807416571],[76.62457266303412,28.20651902801457],[76.62497732581855,28.20620934225131],[76.62523908616308,28.20603034735595],[76.6253696912962,28.20598042400824],[76.62541961047602,28.20592647971277],[76.62551147388372,28.20593510868395],[76.62572125144163,28.20593939754081],[76.62590302639856,28.2059398150308],[76.62616969842931,28.20593748856222],[76.62633494123789,28.20594135204951],[76.62647337538998,28.20593841423039],[76.62662735355055,28.20595172810886],[76.62673558878913,28.20594763180175],[76.62689177898821,28.20593508618465],[76.62709989416544,28.20594520989559],[76.62722880224216,28.20593626146192],[76.62735158975849,28.20592618440751],[76.62755217969413,28.20591679397221],[76.62776558131024,28.20591400282499],[76.6279414899934,28.20591975651134],[76.62805965493659,28.20592753127437],[76.62814272547931,28.20592199108131],[76.62815356631958,28.20565096492372],[76.62945806396118,28.20555201052231],[76.62939587602536,28.20465429256243],[76.63091858143765,28.20436820156062],[76.63100408249872,28.20432915919169]]]},"properties":{"name":"13","description":"4 2/3","styleUrl":"#msn_ylw-pushpin20","fill-opacity":0.5019607843137255,"fill":"#ff5500","stroke-opacity":1,"stroke":"#0000ff","icon-scale":1.1,"icon-offset":[20,2],"icon-offset-units":["pixels","pixels"],"icon":"http://maps.google.com/mapfiles/kml/pushpin/ylw-pushpin.png"}},
{"type":"Feature","geometry":{"type":"Polygon","coordinates":[[[76.61267814864367,28.20182148666172],[76.61231925837274,28.20171875526009],[76.6117866020164,28.20156994821658],[76.6115457144253,28.20151249409123],[76.61138266624313,28.20146453764581],[76.61125131614493,28.20143136254171],[76.61119707572904,28.20141177874619],[76.61110769790822,28.20134240999442],[76.6109749037007,28.20114562543252],[76.61087820310323,28.20097949955233],[76.61072065364499,28.20084214029328],[76.61062036199648,28.20065101863808],[76.61053710815554,28.20045205989206],[76.61035188150214,28.20012673753388],[76.61025379438692,28.19989205360608],[76.61017322223526,28.19973292075105],[76.6100604070419,28.19954197993305],[76.61022904828137,28.19945328226595],[76.61043204884528,28.19938881788595],[76.61068443560714,28.19927259792074],[76.6108742092224,28.19919342159048],[76.61105795459996,28.19910443056929],[76.61119504779289,28.19907769457018],[76.61132747264972,28.19904047758967],[76.6114753880787,28.19893170199943],[76.6116268331785,28.19886537756539],[76.61178680953225,28.19881012534778],[76.61191515736358,28.1987743253894],[76.61216929337039,28.19870825440482],[76.6123876129008,28.19864167159694],[76.6126027008244,28.19859035676813],[76.61284965505806,28.19853093716459],[76.61302338778368,28.19846477326035],[76.6132335435482,28.19840059585061],[76.61334855691149,28.19837620797914],[76.61347959073898,28.1983383758556],[76.61357737325235,28.1983089765355],[76.61365310020587,28.19829761063563],[76.61370917803109,28.19827642809917],[76.61361798469905,28.19776041392803],[76.61355176007555,28.1975158209386],[76.61341559791524,28.19725330681784],[76.61334176433786,28.19711659958261],[76.61365894366826,28.19705045649718],[76.61402753405446,28.19692885600959],[76.61432704163283,28.19684315872049],[76.61448928379534,28.19678637367483],[76.61460834637002,28.19675379444373],[76.61470065882072,28.19671698168587],[76.6148153162095,28.196673014625],[76.61496290245563,28.19663690626653],[76.61507981098966,28.19660492926397],[76.61518636068455,28.19659116567368],[76.6152885922317,28.19656955952391],[76.61531283538673,28.1967043490469],[76.61532410464625,28.19677308701205],[76.6153331953006,28.19688511120951],[76.61533493753896,28.19698392545896],[76.61532867101468,28.19708324517704],[76.615431519296,28.19721519621607],[76.61555725174632,28.19721249250721],[76.61571400972666,28.19721045433384],[76.6158403980229,28.19720603868539],[76.61594893342524,28.1971977802415],[76.61598572012872,28.19719854859962],[76.616049587899,28.19722100088144],[76.61609842047568,28.19724700861026],[76.6161245203621,28.19726200480459],[76.61608514987567,28.19729972958066],[76.61599336881493,28.19736603197265],[76.61590477521317,28.1974413029619],[76.61578004483732,28.19754903776382],[76.61566464920202,28.1976205852914],[76.61558481969539,28.1976814374329],[76.61541948584468,28.19778103451499],[76.61543480705961,28.19784109958037],[76.61544668158524,28.1978926534134],[76.61546117072301,28.19796343786718],[76.615470664089,28.19801390449268],[76.6154146059457,28.19799610848192],[76.61534881693068,28.19797221246694],[76.6152698274228,28.1979534226759],[76.61521390859792,28.19794426690653],[76.61516959408394,28.19793342476546],[76.61506471568028,28.19794714210349],[76.61503307498337,28.19794648207478],[76.6149051516647,28.19799711637986],[76.61493607182831,28.19808678956937],[76.61500317424823,28.19825065715989],[76.61507893195845,28.19841043569497],[76.61513445936374,28.19854095955046],[76.6151989433125,28.19870186157155],[76.61525781158366,28.19879783064134],[76.61515236292622,28.19885867472491],[76.61501234981492,28.19891815718588],[76.61476194992699,28.19901563628563],[76.6144838426294,28.19908276616173],[76.6142850654031,28.19915011426784],[76.61409443325701,28.19922469626978],[76.6143082248722,28.19993039615686],[76.61432367189774,28.20000180592512],[76.61432673869302,28.20003863228197],[76.61435420915839,28.20009359930462],[76.6143843654876,28.20014866401091],[76.61442270405345,28.20022845678434],[76.61446437393703,28.20031779887837],[76.61449984609551,28.20040190421897],[76.61453725506802,28.20048763235719],[76.61457914558011,28.2005860405314],[76.61461541805184,28.20067531599251],[76.61465379801574,28.20066983790709],[76.61479900419978,28.20063548096273],[76.61499834200735,28.20052891853059],[76.61517367388824,28.20047118321451],[76.61538887761677,28.20038440646043],[76.6155916430559,28.20031852404662],[76.61573972185026,28.20027598050022],[76.61583273506135,28.20027111936199],[76.61596319161394,28.20031370899435],[76.61609433942466,28.20036561795303],[76.61622427117332,28.20042341361069],[76.6164071676422,28.20051588623591],[76.61650384056988,28.20055202255459],[76.61660730265385,28.20059264133908],[76.61671508153552,28.20061622978638],[76.61662327944488,28.2007619659242],[76.61657261200264,28.20085660745701],[76.61636113872889,28.20097454210924],[76.61615261003296,28.20108649833666],[76.61605573349117,28.20113360962016],[76.61626820268683,28.20145323296147],[76.6152916049409,28.20172882257665],[76.6154045222236,28.20192635423261],[76.61552966439285,28.20211850089166],[76.61560360556886,28.20224355692465],[76.61568632573814,28.20241283171165],[76.61574022295432,28.20251859156085],[76.61578618344771,28.20263069572641],[76.61580494283976,28.20267048396035],[76.61267814864367,28.20182148666172]]]},"properties":{"name":"14","description":"13 11/1 9/1","styleUrl":"#msn_ylw-pushpin40","fill-opacity":0.5019607843137255,"fill":"#5555ff","stroke-opacity":1,"stroke":"#0000ff","icon-scale":1.1,"icon-offset":[20,2],"icon-offset-units":["pixels","pixels"],"icon":"http://maps.google.com/mapfiles/kml/pushpin/ylw-pushpin.png"}},
{"type":"Feature","geometry":{"type":"Polygon","coordinates":[[[76.61021844468115,28.194389337227],[76.61047879015906,28.19398036672676],[76.6108372452073,28.19346261270456],[76.61134059742395,28.19272682718694],[76.61159415405024,28.1922716613545],[76.61179200209732,28.19214861793357],[76.61207584648504,28.19207687931154],[76.6123976943923,28.19198530789895],[76.61283346869828,28.19192728607361],[76.61313720312208,28.19189587737332],[76.6133188446131,28.19186675715945],[76.61348952514979,28.19184202397317],[76.61368213035844,28.19183108677012],[76.61386482876524,28.19181664241604],[76.61404697704484,28.19179822731129],[76.61425666319204,28.19178066431134],[76.61454400783475,28.19175140736382],[76.61475068922917,28.19172477686266],[76.61479931798311,28.19183990850269],[76.61484867727594,28.19195349878553],[76.61489862563806,28.19204944295157],[76.61495752535625,28.19215817630576],[76.61501438400194,28.19227749920224],[76.6150489344428,28.1923352753414],[76.61509509189501,28.19243898972499],[76.6151620114458,28.19254968141901],[76.61522807169132,28.19266461987599],[76.61527383460366,28.19273195668191],[76.61533776807485,28.19285369152309],[76.61540034144578,28.19294276268373],[76.61547374988646,28.19306736913797],[76.61551614317021,28.19313549699907],[76.61546017737886,28.19315296430687],[76.61539568634709,28.19317892860014],[76.61529269475416,28.19321080735181],[76.61516588818564,28.19326367986801],[76.61503957998096,28.19330924189169],[76.61487455637554,28.19336859525421],[76.6147708484295,28.19340782842655],[76.61479880068835,28.19347626702827],[76.61482559415848,28.19355065841843],[76.61484175175367,28.19358201572913],[76.61480783809327,28.19357969677979],[76.61477311664683,28.19358243775014],[76.61474262243003,28.19357848931157],[76.61470220572217,28.19359131740221],[76.61465856121737,28.19360935652363],[76.61460738309833,28.19363095548047],[76.61456553837189,28.19365656994315],[76.61452519048548,28.1936844231081],[76.61444172216991,28.19373408544689],[76.61433820929999,28.19376022897053],[76.61418163929869,28.19379352175901],[76.61407207776595,28.19382646447286],[76.61408760369679,28.19386578540469],[76.614100612517,28.19391175496849],[76.61412511679359,28.1939979954684],[76.61415976014256,28.19406179191921],[76.6141788335092,28.19412912283295],[76.61411264279234,28.19416761769644],[76.61412644141839,28.19433681094176],[76.61421766230889,28.19434844935293],[76.61438308814768,28.19437851156661],[76.61459249706843,28.1944009327025],[76.61466418508779,28.19441226448789],[76.61472930044371,28.19441990128349],[76.61479111975355,28.19442438207605],[76.61486396583798,28.19442816194451],[76.61494975668553,28.19442683030822],[76.61502505956165,28.19442155426027],[76.61508494761712,28.19441922573189],[76.61517221765178,28.19442500499507],[76.61523049485976,28.19443178658306],[76.61510890920637,28.1945614502247],[76.61499345026785,28.19463756207534],[76.61490315151396,28.19470808288441],[76.6147496997638,28.19485158239842],[76.61448060829734,28.1950712584934],[76.61417782133537,28.19531556192075],[76.61423352832425,28.1953868005296],[76.61430960347114,28.19551942379078],[76.61435346363707,28.19567006466763],[76.6143917513226,28.19573265461655],[76.6144524538705,28.19579150246194],[76.61436540609223,28.19587925124062],[76.61431714320058,28.19603703437627],[76.61431329496315,28.19621191196703],[76.61431028489879,28.19639677074815],[76.61433787052874,28.1965205202117],[76.61434053274063,28.19664422234402],[76.61435251228674,28.19677078417564],[76.61435317878583,28.19680222493339],[76.61435538874741,28.19682085131674],[76.61435640038312,28.19683936758825],[76.61430950527031,28.19684185322845],[76.61422602246218,28.19686392223016],[76.61413964655776,28.19688539239093],[76.61401904353774,28.1969259364316],[76.61384619215092,28.19698188371445],[76.61360932536533,28.19706441538814],[76.61339727648127,28.19711302582666],[76.61333956496178,28.19712679792983],[76.61340902415105,28.19725572988862],[76.61347881624275,28.19737859738854],[76.61354767974285,28.19751500744448],[76.61361970086521,28.1978062423447],[76.61371243254362,28.19828260357443],[76.61344479723937,28.19834862540124],[76.61319153953566,28.19840633671765],[76.61281268858401,28.19852949720094],[76.6123214719314,28.19866894763447],[76.61201948196663,28.19873766327175],[76.61176374703945,28.19882866388325],[76.61156955350674,28.19891426212563],[76.61133296469951,28.199065977094],[76.61110831557279,28.1990835980541],[76.61070097704682,28.19927859154839],[76.6105460067789,28.19933647351033],[76.61031030129406,28.19941115174923],[76.61002515993044,28.19955211968063],[76.60989497499739,28.19929124492196],[76.60974615718264,28.1989845804939],[76.60958004743385,28.19865871021227],[76.60938599647181,28.19826484828052],[76.60914690772833,28.19785008458887],[76.60900523779426,28.19757376452677],[76.60880426976613,28.19732090950432],[76.60867027969996,28.197108767211],[76.60873549341571,28.19671366413355],[76.60873158940214,28.1964058594269],[76.6087780419586,28.19612638184663],[76.60878733299563,28.19593300685359],[76.60899529984327,28.19584092060161],[76.60910550235239,28.19573192405094],[76.60921453525289,28.19560439052869],[76.60943202321928,28.19540526561408],[76.6096177965465,28.19522407587611],[76.60969888286608,28.19510569429226],[76.61021844468115,28.194389337227]]]},"properties":{"name":"15","description":"14 15/1","styleUrl":"#msn_ylw-pushpin400","fill-opacity":0.5019607843137255,"fill":"#ffff00","stroke-opacity":1,"stroke":"#0000ff","icon-scale":1.1,"icon-offset":[20,2],"icon-offset-units":["pixels","pixels"],"icon":"http://maps.google.com/mapfiles/kml/pushpin/ylw-pushpin.png"}},
{"type":"Feature","geometry":{"type":"Polygon","coordinates":[[[76.62117479301132,28.19661772982812],[76.62123496563031,28.19669620137408],[76.62135185015882,28.19684624742355],[76.62146548396883,28.19696312756305],[76.62153629709475,28.19704711487531],[76.62160741910715,28.19717941183378],[76.621662184771,28.19729303482887],[76.6217458857102,28.19745653348325],[76.62181185968852,28.19761056291784],[76.62185943803496,28.19771898758565],[76.62179387604652,28.19773364250847],[76.62173882459183,28.19774358342572],[76.62167258274694,28.19775593578492],[76.62160896592344,28.19778581365598],[76.62156052723911,28.1977913218746],[76.62152299551387,28.19779718947188],[76.621445007319,28.19780539443978],[76.62139583471722,28.19781098815139],[76.6213599937907,28.19782058074198],[76.6213276661138,28.19783035022628],[76.6212785088974,28.19782527849468],[76.62121855208399,28.19782347047104],[76.62111195763816,28.19782384542527],[76.62102360291696,28.19782756537435],[76.62091801009777,28.19781642816182],[76.62082497999528,28.19779979118933],[76.62072034040888,28.19776929728049],[76.6206295070892,28.19773968867158],[76.62049192551767,28.19769752145831],[76.62039878752162,28.19767444900797],[76.62028470627878,28.19767678556807],[76.62015259049413,28.19768729282302],[76.62004969603217,28.19770332443842],[76.61994013770062,28.197710301224],[76.61983350843056,28.19772518655963],[76.61971043174167,28.19773693829312],[76.6195825514344,28.19775690022765],[76.61947507235593,28.19776566854904],[76.61934988203578,28.19778611311226],[76.6192573699244,28.19778595485096],[76.61913996510286,28.19776315957078],[76.61905842482159,28.19776710007987],[76.61897970453867,28.19777973809685],[76.61891768329687,28.19780823887513],[76.61884717863606,28.19782809663207],[76.61881780473247,28.19784497445129],[76.6187732807069,28.19784140351648],[76.6187239547326,28.19783102545858],[76.61868699049636,28.19784997322069],[76.61863083575045,28.19787761882223],[76.61855006036608,28.19790947120839],[76.61848040880841,28.19793932752795],[76.61839871884908,28.19798174835668],[76.61833788549966,28.19800711689819],[76.61826976072132,28.19803429098899],[76.61819999097858,28.19806212122836],[76.61811733319672,28.19809622067413],[76.61807684792645,28.19810882215732],[76.61803263933979,28.19814166674576],[76.6179771556331,28.19815910205541],[76.61794976416382,28.19816698702778],[76.61793415731059,28.19817860554917],[76.6178973996172,28.19813072675901],[76.61785550704532,28.19807423436793],[76.61780754082127,28.19800778752177],[76.61775737642773,28.19794052388817],[76.61771614645514,28.1978811675664],[76.61767247507866,28.19778050475618],[76.61763454224022,28.19770423157384],[76.617567404002,28.19753720047256],[76.61754561640088,28.19746196306128],[76.61764011977394,28.19742351028928],[76.61771243562171,28.19738368446815],[76.61775842328555,28.19736738764722],[76.61780373968602,28.19735454389834],[76.61789061750734,28.19734292083337],[76.61797317839822,28.19733166268523],[76.6180576939279,28.19732756358479],[76.61811458988957,28.1973346891547],[76.61805883847627,28.19729641030459],[76.6180129119621,28.19726313399757],[76.61795456905172,28.19719992069471],[76.61793967971616,28.19716496429664],[76.61796746049649,28.19710182993805],[76.61799459392714,28.19703857383609],[76.61802995610776,28.19697563031349],[76.61808859860713,28.1968712485282],[76.61807265388765,28.19684534128757],[76.61811862212299,28.1968025587448],[76.61820915061003,28.19671969564734],[76.6182975774604,28.19665868570535],[76.61842048377342,28.19655815711537],[76.61853598237559,28.19645771001329],[76.6185974209981,28.19640909759926],[76.61865050439471,28.19636322938343],[76.6187934336089,28.19628484999584],[76.61888805831077,28.19623105986869],[76.61903104883845,28.19618756654724],[76.61916662604384,28.19614936729475],[76.61922710837005,28.19613818655429],[76.61928947272824,28.19614747779337],[76.61938084375214,28.1961420881321],[76.61951457731371,28.19612497830161],[76.6196442031941,28.19610571635846],[76.61969013429344,28.19610260090795],[76.61968083248911,28.1960402564046],[76.6196664913739,28.19595844195675],[76.61964993673628,28.19588465256357],[76.6196068274521,28.19578988941944],[76.61958096379254,28.19570251131982],[76.61955638107956,28.19564173218719],[76.61958779557091,28.1956218656738],[76.6195709190906,28.19556863552469],[76.6195416457253,28.19550550009811],[76.61951612471779,28.19542604374119],[76.61948261834664,28.19534478045424],[76.6194480576806,28.19527768810721],[76.61943488911251,28.19522933326076],[76.61949023609519,28.19515132466109],[76.61950695095204,28.19506361992487],[76.6195179162202,28.19497384658355],[76.61953818373594,28.19486858434567],[76.61960951932866,28.1948188040573],[76.61967825367562,28.19476219671813],[76.61974939961041,28.19471413575348],[76.61975270292575,28.19459096443879],[76.6197467998375,28.1944563027245],[76.61992158701646,28.19432715556821],[76.62002442100355,28.19427101544901],[76.62019473939269,28.19422833764481],[76.62036689820248,28.19420146966747],[76.62065466325528,28.19416240095685],[76.62086378544994,28.19412270353172],[76.62100356199454,28.19410154868379],[76.62116249891105,28.19405608085113],[76.6210554699862,28.19414655239154],[76.62098219122609,28.19419139516154],[76.62089677307819,28.19425141570819],[76.62081840457522,28.19431566561333],[76.62078276493469,28.1943478620645],[76.62073848556705,28.19439272852397],[76.62071306422663,28.19440913871354],[76.62065075826051,28.19446395042104],[76.62061273285079,28.19451439873487],[76.62056534905429,28.19457179528219],[76.62053925594739,28.19461166049013],[76.62051981039616,28.1946790430421],[76.62052417264752,28.19475242471778],[76.62056754334711,28.19484100925643],[76.62066061184454,28.19498434109077],[76.62072029165688,28.19509448888525],[76.62078472289814,28.19530390332049],[76.62085746278511,28.19553704256962],[76.62091772448166,28.19568042416072],[76.62095523255834,28.19578141168771],[76.62098454396451,28.19585914026109],[76.62103362678866,28.19592236477801],[76.62108627894203,28.19599610629901],[76.62118840952841,28.19610339174346],[76.62132133829186,28.19621015184662],[76.62129206642601,28.19621075289376],[76.62126403907799,28.19623325398263],[76.62124585874177,28.19625762600988],[76.62124424487313,28.19629415885718],[76.62124784756051,28.19632270832687],[76.62125566026644,28.19635295152414],[76.62126828183763,28.19637822582097],[76.62127658823877,28.19639666666787],[76.62128286535894,28.19641658969965],[76.6212841957917,28.19645713272156],[76.62117479301132,28.19661772982812]]]},"properties":{"name":"16","description":"16","styleUrl":"#msn_ylw-pushpin9","fill-opacity":0.5019607843137255,"fill":"#ffff00","stroke-opacity":1,"stroke":"#0000ff","icon-scale":1.1,"icon-offset":[20,2],"icon-offset-units":["pixels","pixels"],"icon":"http://maps.google.com/mapfiles/kml/pushpin/ylw-pushpin.png"}},
{"type":"Feature","geometry":{"type":"Polygon","coordinates":[[[76.61918584815426,28.19209797337145],[76.61931306812558,28.19220548300657],[76.61946391414962,28.19231602568352],[76.61961276364016,28.19241127954503],[76.61980508802418,28.19257162380442],[76.61992016561,28.19265304921167],[76.62002213310626,28.19279064389313],[76.62011499443054,28.19288581190084],[76.62021865176857,28.1929918607662],[76.62031041358071,28.19308348658336],[76.62038504946409,28.19316996397589],[76.62048041051986,28.19325944978098],[76.62052228723198,28.19330891643743],[76.62058104241669,28.1933664938129],[76.62062130809684,28.19339831140719],[76.62069541098958,28.19347415153767],[76.6207502384749,28.19351290441378],[76.62079397413342,28.19356317201842],[76.62085346830992,28.19361848198044],[76.620905573009,28.1936682984169],[76.62097741122973,28.19373147975957],[76.6210075648471,28.19376258371642],[76.62105732876661,28.19380931150723],[76.62109440268395,28.19384880440493],[76.621160228018,28.19391465712697],[76.62124833110404,28.19399671196109],[76.62106062672406,28.19409250011347],[76.62098065613145,28.19410705273899],[76.62082235261832,28.19413158090254],[76.62066413569727,28.19414946424117],[76.62049897006102,28.19417957653716],[76.62032110185378,28.1942003122116],[76.62012182479319,28.19424571319092],[76.62001061968056,28.1942763377072],[76.61976198507988,28.1944552394447],[76.61973883119899,28.19471302115013],[76.61954011812058,28.19486594048668],[76.61949262926335,28.19515214162707],[76.61943632482402,28.19522946752829],[76.61958343236991,28.19561759239886],[76.61954808549956,28.19564935648805],[76.61964584432513,28.19588470353822],[76.61969319292739,28.1961056850792],[76.61959990668215,28.19611778258323],[76.6194933372792,28.19612786834004],[76.61941936232783,28.19613356557939],[76.61932179771185,28.19614712938632],[76.6192075228211,28.19616565993813],[76.61913338773117,28.19617621309933],[76.61905336828667,28.19619384679261],[76.61896651809806,28.19621858149139],[76.61887838356908,28.19624829704154],[76.61883965389495,28.19626290379764],[76.61879933204496,28.19628637041891],[76.61873874623979,28.19631866917021],[76.61869827661666,28.19634155101197],[76.61867086250994,28.19635605965539],[76.61865278987231,28.19636481379672],[76.61856137935568,28.19643392474691],[76.61846811485196,28.19651357754232],[76.6183955579438,28.19658593329309],[76.61829497225439,28.19665188235923],[76.61815248381048,28.19676903472217],[76.61807444435529,28.19683579723946],[76.61808292079729,28.19687170291073],[76.61804527906575,28.19694405577886],[76.61798933337236,28.19704876420712],[76.61795863403022,28.19712203925152],[76.61793858367467,28.19716795527652],[76.61785853194519,28.19715735975297],[76.61782301358352,28.19710512640486],[76.61778335784656,28.19705009346737],[76.61773002869164,28.19696951372094],[76.61766886972975,28.19687530924766],[76.6176138649401,28.19678362887136],[76.61752610458561,28.19663006947024],[76.61746709227681,28.19652625274284],[76.61739977093005,28.1964929097865],[76.61736518213279,28.19639712189305],[76.61727851399151,28.1962122949269],[76.61720804201777,28.19610666020885],[76.61715184591877,28.19601800121715],[76.6171462721287,28.19595824406882],[76.61724335982909,28.19593222833302],[76.61742214999833,28.19590186130441],[76.6174382588372,28.19583505067874],[76.61745327281825,28.19575868651122],[76.61760716146811,28.19576845571437],[76.61762406900945,28.19565668840442],[76.61763004045292,28.19549941657393],[76.61765231231752,28.19540345714409],[76.61764919926357,28.19533957504601],[76.61763935123004,28.19523198352573],[76.61767394051154,28.19513783084747],[76.61770252548058,28.19508401425139],[76.61772528426067,28.19501833168239],[76.61770907769615,28.19499235436634],[76.61764453820611,28.19489328190104],[76.61761818374097,28.19482056564549],[76.6175903683046,28.19464894930719],[76.61747635021504,28.19461137933467],[76.61734019249643,28.19457651381941],[76.61731967051979,28.19443151002625],[76.61729563773491,28.19428789826852],[76.61729436994226,28.19414981996407],[76.61729073296146,28.19401997339168],[76.61729062285055,28.19392439707995],[76.61729593797004,28.19385911408349],[76.61731298443758,28.19378215933072],[76.61732158752409,28.19371396955184],[76.61733719217325,28.19360658941435],[76.61733502910116,28.19351321410064],[76.61730724312304,28.19339841546334],[76.61728268576906,28.19331855075333],[76.61724806917042,28.19322352065853],[76.61718053518112,28.19312206055112],[76.6171358826085,28.19303386131528],[76.61704906398995,28.19304331070171],[76.61706391320838,28.19282810929133],[76.61706371035704,28.192693634968],[76.61705233486566,28.19256932132861],[76.61703719618772,28.19248198201301],[76.61704286078893,28.19235964447086],[76.61706268636122,28.19221307824968],[76.61707309301175,28.1920932203163],[76.61708566100015,28.19197552380646],[76.6170961300415,28.19182323730032],[76.61709216038545,28.19175792759069],[76.61730191126331,28.1917811744669],[76.61750518504111,28.1917930266975],[76.61768209782343,28.19180109378132],[76.61785295164593,28.19181159404466],[76.6180055526318,28.19182238282626],[76.61816712942421,28.19182776320406],[76.61828902493227,28.19183131000334],[76.61840574807066,28.19184123695853],[76.61852696599033,28.19185973855533],[76.61864092089198,28.19186433132327],[76.6188499398079,28.19189535528093],[76.61899087023984,28.1919647728673],[76.61918584815426,28.19209797337145]]]},"properties":{"name":"17","description":"17","styleUrl":"#msn_ylw-pushpin10","fill-opacity":0.5019607843137255,"fill":"#ffff00","stroke-opacity":1,"stroke":"#0000ff","icon-scale":1.1,"icon-offset":[20,2],"icon-offset-units":["pixels","pixels"],"icon":"http://maps.google.com/mapfiles/kml/pushpin/ylw-pushpin.png"}},
{"type":"Feature","geometry":{"type":"Polygon","coordinates":[[[76.61706317923527,28.19287479211961],[76.61705017314429,28.19304518387064],[76.61712973140142,28.19302619838956],[76.6172112790628,28.19316950744444],[76.61730107497013,28.19335972143957],[76.6173388262525,28.19357119226036],[76.61732866084283,28.193706696384],[76.61728793420743,28.19392118896057],[76.61729330821763,28.19408510045524],[76.61730549767785,28.19429735757562],[76.6173330552398,28.19456541674662],[76.6175935478041,28.19463487481413],[76.6176313889865,28.19486904043185],[76.61768865847468,28.19496140220303],[76.61772877351088,28.19501614925887],[76.61764030852386,28.19522460073537],[76.617647752987,28.19538600052694],[76.61762882967163,28.19552479782035],[76.6176229452663,28.19568575371123],[76.61760891923807,28.19577328637591],[76.61745104403705,28.19576025631275],[76.61742479888932,28.19589872446428],[76.61714265391589,28.1959607103313],[76.61727037784567,28.19621285953933],[76.61742036731343,28.19652420081261],[76.61756542848077,28.1966967031924],[76.61767462082696,28.19686307952659],[76.61782934335547,28.19707679831377],[76.6179234388782,28.19718033801288],[76.61801431906343,28.19726402052795],[76.61810283614825,28.19732807976416],[76.61796952087145,28.19732767289288],[76.6178478933126,28.19734633860914],[76.61772185689206,28.19737991491509],[76.6176147976211,28.19743362355644],[76.61753856438794,28.19746638432612],[76.61747553888779,28.1975097770461],[76.61743451505957,28.19742841173301],[76.6174062137452,28.19733150617182],[76.61718570906598,28.19734862713174],[76.61699716777758,28.19735683049979],[76.61679222214286,28.19733028063862],[76.6165882996372,28.19726762991159],[76.61637874150695,28.19725155676938],[76.61625482862031,28.19725906587635],[76.61614673361144,28.19727251689683],[76.61610048635589,28.19724597271763],[76.61603638628164,28.19721452339714],[76.61598346854524,28.19719737404198],[76.6159027258913,28.19719960270862],[76.61579413794621,28.19720340532034],[76.61571052606011,28.19720637845219],[76.61560590259415,28.19721104540087],[76.61553115149253,28.19721329041245],[76.61542930285039,28.19722029808054],[76.61536767455794,28.19714121176797],[76.61533448832601,28.19708759761422],[76.61533638871596,28.19690059588967],[76.61531547408217,28.19672832113891],[76.61528454239645,28.1965666715809],[76.61486072644281,28.19666026830783],[76.61435811787302,28.1968392841299],[76.61434640797812,28.19672034384579],[76.61434207323018,28.19659900081511],[76.61434608713284,28.19651384330738],[76.6143266139752,28.19643072359902],[76.61430691019763,28.19638442879755],[76.61430239160046,28.19623378370897],[76.61430832273263,28.19615059443613],[76.6143174031616,28.19603497439666],[76.61434109618496,28.19595788917224],[76.61436377915419,28.19588027634071],[76.61441592483541,28.19582173538996],[76.61445624517498,28.19579084395813],[76.61439124737574,28.19572900066424],[76.6143566550551,28.19567274471232],[76.61434114942348,28.19560095960109],[76.61432271875287,28.19555730551887],[76.61430319026006,28.19550770960173],[76.61428386370682,28.19546586879846],[76.61425580176429,28.19541788922221],[76.61424260448787,28.19539755281147],[76.61422798557152,28.19537735174484],[76.61421497353663,28.195357232276],[76.61417475634623,28.19531669323095],[76.61466636922454,28.19492654365279],[76.61479056013006,28.19481209608043],[76.6149069409306,28.19470878755395],[76.61501565357841,28.19462409417406],[76.61511124605003,28.19456178410148],[76.61518660997466,28.19448263384265],[76.61523379068076,28.19443358671592],[76.61510242918918,28.1944213841495],[76.61502009180938,28.19442175526734],[76.61493728155978,28.19442829603513],[76.61486668246934,28.19442926151936],[76.61474301565144,28.19442163510122],[76.61459301581185,28.19439997892589],[76.61443583136271,28.19438376652545],[76.61434536496176,28.1943699667768],[76.61424189945188,28.19435201415376],[76.61412774152717,28.19433599245414],[76.61411388887045,28.19416992517893],[76.61418313384662,28.1941273677153],[76.61415446844998,28.19405096000267],[76.61410793408275,28.19394029264495],[76.6140727434786,28.19382969727318],[76.6144389638416,28.19373052650387],[76.61464795505997,28.19361490826603],[76.61474275026005,28.19357802767444],[76.61483890296647,28.19357962723131],[76.61477109877461,28.1934094552504],[76.61523819012025,28.1932343265619],[76.61551428849427,28.19312835123706],[76.61531899530475,28.19282073101471],[76.6150925585981,28.19242584088004],[76.61479043400112,28.19182606504125],[76.61500854683804,28.19178556035907],[76.61537061753398,28.1917814473382],[76.61571333792135,28.19179181362748],[76.61614366033474,28.1917994325541],[76.61643351817726,28.19181595535759],[76.61709721601258,28.19182648914986],[76.61703726227992,28.1924343435897],[76.61703436747354,28.1924846805736],[76.61704684342708,28.19254246049064],[76.61705740740615,28.19259138939893],[76.6170538323772,28.19264078542732],[76.6170608801494,28.19267901471394],[76.61706317923527,28.19287479211961]]]},"properties":{"name":"18","description":"18","styleUrl":"#msn_ylw-pushpin11","fill-opacity":0.5019607843137255,"fill":"#55ffff","stroke-opacity":1,"stroke":"#0000ff","icon-scale":1.1,"icon-offset":[20,2],"icon-offset-units":["pixels","pixels"],"icon":"http://maps.google.com/mapfiles/kml/pushpin/ylw-pushpin.png"}},
{"type":"Feature","geometry":{"type":"Polygon","coordinates":[[[76.61463001804225,28.19144103477873],[76.61445177734875,28.19105784644663],[76.61418395975275,28.19047240047581],[76.61407548933775,28.19024410072558],[76.61400378869732,28.18996784749515],[76.61397663065316,28.18985937400867],[76.61389638626828,28.18950836356803],[76.61386819910408,28.18950666603881],[76.61382350369406,28.18950713650322],[76.61377238363089,28.1894962415769],[76.61374546512126,28.18948202449415],[76.61371078226036,28.18944210507765],[76.61367245656066,28.18938596666442],[76.61344816198557,28.18938799655426],[76.61330799766974,28.18891472843638],[76.61285807065691,28.18800262382386],[76.61279329003958,28.18793620870846],[76.61266317674534,28.18774774565674],[76.61257120851255,28.187592774751],[76.61244125846567,28.1874499901723],[76.61233288280688,28.18732185253959],[76.61227526749201,28.18724010243402],[76.61215684395806,28.18716791215449],[76.61198835493111,28.18706483668339],[76.61188970266798,28.18700892108762],[76.61174185780357,28.18692866059864],[76.61145958979597,28.18678440888225],[76.61141990656893,28.18671717096324],[76.61135770569264,28.18663807323498],[76.61144927284109,28.18659045833742],[76.61155244897452,28.18653748645309],[76.61157710636047,28.1865118097514],[76.61152235894275,28.18640806330391],[76.61145548993738,28.18628069844155],[76.61130525916587,28.18599246469542],[76.61115476839814,28.18570226022547],[76.61095794340535,28.18536836246714],[76.61068444220795,28.18487740600215],[76.61038128264023,28.18435521211406],[76.61030929751436,28.18425407392931],[76.61066224302309,28.18405011172326],[76.61097972661898,28.18391765141491],[76.61127118863662,28.18377451157644],[76.61156003842187,28.1836192794606],[76.6118129441763,28.18348673731619],[76.61202043021474,28.18339839293526],[76.61212580022925,28.18336366376376],[76.6122289437317,28.18331542493159],[76.61233326933142,28.18327664126095],[76.61242407632051,28.18369491674652],[76.61246369935496,28.18390253535203],[76.61260125482846,28.1842681984001],[76.61269760834068,28.18451630325168],[76.61283853338993,28.18479794336176],[76.6129720899977,28.18497856416956],[76.61305933085602,28.18507619983813],[76.61328088951284,28.18520924601954],[76.61340273179826,28.18527019089204],[76.61340259278887,28.1851402381436],[76.61342523645561,28.18479887177423],[76.6134473796203,28.18450229421745],[76.61346918104161,28.1843532648614],[76.61344424506223,28.18403393988077],[76.61347661668376,28.18399239292225],[76.61362883746347,28.18381158915455],[76.61376779933425,28.18376462278118],[76.6140097276797,28.18367611302574],[76.6146823876452,28.1836014489138],[76.61507828817976,28.18355946547861],[76.61555247955704,28.18352626851008],[76.61596480782134,28.18355506914181],[76.61663647132126,28.18365670901789],[76.6172757291698,28.18379116021294],[76.61775428210176,28.1838966583931],[76.61793259135162,28.18396660595128],[76.61822814873832,28.18407642326797],[76.61847708118484,28.18419935371187],[76.61889238542526,28.18436292723618],[76.61916841841727,28.18450551478461],[76.61938366105683,28.18462315813817],[76.61956923202794,28.18478306265901],[76.61978018313205,28.18494781909563],[76.61994473059433,28.18508999722929],[76.6201404389559,28.18529301203428],[76.62040994090897,28.18550807013861],[76.62058779548907,28.18566337107685],[76.62089055663145,28.18596478078998],[76.62073794533165,28.18616425775947],[76.62060728590852,28.18629043900726],[76.6205374812614,28.18642142417995],[76.62051671855778,28.18656574104323],[76.62049288550229,28.18693312934951],[76.62047060922946,28.18732441378895],[76.62047939296602,28.18760252251771],[76.62048410456482,28.18790287498052],[76.6204926605481,28.18829449606954],[76.62052876218252,28.18881799388777],[76.62055669188868,28.18909392492315],[76.6206093311154,28.18932007013035],[76.62063502769756,28.18941646329218],[76.62062062472786,28.18964235504293],[76.62060410101385,28.18977839890051],[76.62059133116307,28.18991806797784],[76.62058299467392,28.19004211648469],[76.62053148232619,28.19029722675305],[76.62049321067367,28.19043344541023],[76.62043806639677,28.19056464644382],[76.6203592411475,28.19070975313967],[76.62028250658656,28.19078924842857],[76.62015146306938,28.1909635019282],[76.61993325597572,28.19121029619781],[76.61967870262919,28.19148265169387],[76.61948844084688,28.19162159180129],[76.61921749916101,28.19185505727198],[76.61908338625148,28.19200023798816],[76.61895673263716,28.19194166719915],[76.61883457161397,28.19189293868374],[76.61835460085034,28.1918328758039],[76.6177670390465,28.19180997195672],[76.61719357457656,28.19176886728648],[76.61671386231018,28.19173000990442],[76.61614733742609,28.19172149669048],[76.61545737620933,28.19172844676726],[76.61508522508235,28.19170776921626],[76.61475538411052,28.19173409868097],[76.61463001804225,28.19144103477873]]]},"properties":{"name":"19","description":"19 21/2","styleUrl":"#msn_ylw-pushpin12","fill-opacity":0.5019607843137255,"fill":"#ffff00","stroke-opacity":1,"stroke":"#0000ff","icon-scale":1.1,"icon-offset":[20,2],"icon-offset-units":["pixels","pixels"],"icon":"http://maps.google.com/mapfiles/kml/pushpin/ylw-pushpin.png"}},
{"type":"Feature","geometry":{"type":"Polygon","coordinates":[[[76.62910942198003,28.18740818656357],[76.6277048267683,28.18819690012405],[76.62871694489736,28.18985112020509],[76.62905327043082,28.19093634074076],[76.62918359044485,28.19157856595773],[76.62700940670004,28.19231022025146],[76.62528865508203,28.19279235220025],[76.62378942949894,28.19343833315805],[76.62293426156904,28.19202241572513],[76.62253326201618,28.19125297781169],[76.62211295630954,28.19132482318969],[76.62146896618584,28.19145095853951],[76.62061622312675,28.19162248765301],[76.62015392338331,28.19172942120971],[76.61982420673507,28.19174997016106],[76.61968452155871,28.19174456722243],[76.61958801043964,28.19170262482401],[76.61948996055042,28.19162821093473],[76.61969029518113,28.19147023321075],[76.61993420055576,28.19122299533405],[76.62020045598938,28.19090684292711],[76.62037066392729,28.19071259065351],[76.6205174019619,28.19038308315506],[76.62055008955116,28.19020520819028],[76.6205820117914,28.1900395535341],[76.62060128966203,28.18989598774427],[76.62061762408209,28.18962852504114],[76.62062411395222,28.18946518098056],[76.62061601853597,28.1893509241794],[76.62055136464278,28.18907593490556],[76.6205320861228,28.18891920920884],[76.62052475883628,28.18877037399874],[76.62051118867262,28.18839953702055],[76.62050632978752,28.18818040812601],[76.62048042053966,28.18781624651055],[76.62047402920547,28.18753543999314],[76.62048062542995,28.18723883676549],[76.62050014020738,28.18695975255846],[76.62050973709782,28.18663613871806],[76.62054214762891,28.18642103605463],[76.62061448625478,28.18628622338835],[76.62077097846964,28.18612521789114],[76.62096539810723,28.1858530211246],[76.62111955806165,28.18566675759257],[76.62138660269466,28.18524776848943],[76.62164323301569,28.1847968301437],[76.62194173526277,28.18428029297436],[76.62225593492309,28.18365666201679],[76.62259607885936,28.18309939968748],[76.62282582900855,28.18260552733876],[76.62306226370785,28.18192919721737],[76.62326101794247,28.18138541364956],[76.62390462138539,28.18159700266948],[76.62435554193625,28.18173741499685],[76.62490623429366,28.18188535511483],[76.62534052969278,28.18213988686746],[76.62568586787043,28.18241138263868],[76.6261037446274,28.18284564706592],[76.62643307202586,28.18320598907741],[76.62708877703002,28.18421761015803],[76.62768371728106,28.18512474683315],[76.6280276244355,28.18570990694333],[76.62823957759515,28.18605923377377],[76.62850300770278,28.18644118370362],[76.62863934413338,28.18665432833297],[76.62878554828315,28.18691081631499],[76.62892544202178,28.18714389446111],[76.62903982523596,28.1872980806673],[76.62910942198003,28.18740818656357]]]},"properties":{"name":"20","description":"20 19/1","styleUrl":"#msn_ylw-pushpin13","fill-opacity":0.5019607843137255,"fill":"#346800","stroke-opacity":1,"stroke":"#0000ff","icon-scale":1.1,"icon-offset":[20,2],"icon-offset-units":["pixels","pixels"],"icon":"http://maps.google.com/mapfiles/kml/pushpin/ylw-pushpin.png"}},
{"type":"Feature","geometry":{"type":"Polygon","coordinates":[[[76.62465207858054,28.17722636826225],[76.62402176971119,28.1790363535046],[76.62357646667682,28.18022128624868],[76.62321689358794,28.18140863015318],[76.6229240430786,28.18229212026036],[76.62284342872401,28.1825150028576],[76.62276080347249,28.18274460051765],[76.62256730448448,28.18307643549842],[76.62230601593636,28.18356112401079],[76.62210632740141,28.18388629613596],[76.62193548402055,28.18426858144211],[76.62166548845329,28.18472693351166],[76.621416603952,28.18517963892014],[76.62120104997499,28.18557092968963],[76.62104089117868,28.18580383313891],[76.62087511622104,28.18596056683954],[76.62048572003535,28.18556328582362],[76.62017535306074,28.18532207159327],[76.61985523943588,28.18501335594696],[76.61947075266106,28.18470614723341],[76.619244752134,28.1845281745836],[76.61893306086252,28.18438051069456],[76.61843430367027,28.18417835321447],[76.61810301543261,28.18403297227209],[76.61773668468581,28.18388711416706],[76.617282145662,28.18379691932853],[76.61689839431912,28.18369078241191],[76.61666126424512,28.18365040364202],[76.61591079413697,28.18355526547337],[76.61552584385839,28.18353212487404],[76.6146842054148,28.183598927296],[76.61400456236927,28.18367060282179],[76.61363225493864,28.18381124833567],[76.61345423066518,28.18402284210844],[76.61346880970301,28.18434573124444],[76.61339268659017,28.18529780635915],[76.61325203048592,28.18518139306286],[76.6130154834393,28.18500726376592],[76.61278398046488,28.1847036878719],[76.6125551026963,28.184172730616],[76.61233259373046,28.18327393567237],[76.6116826790876,28.18355450743721],[76.61133688790319,28.18373229394957],[76.61084749141078,28.183988547903],[76.61032296248287,28.18422521226578],[76.60976892268684,28.18458671292241],[76.60938903330421,28.18482643514914],[76.60901711339213,28.18513549127017],[76.60808454692699,28.18572201223255],[76.61217543290844,28.18970442026936],[76.61141867567227,28.19032908393207],[76.61092189205638,28.19082652700467],[76.61058286513862,28.19116271000445],[76.6102383525032,28.1913876387298],[76.60972234257765,28.19087435664019],[76.60906564980563,28.19003962106192],[76.60754369163796,28.18867663658599],[76.60659351307783,28.18763864101873],[76.605796446717,28.1869549562157],[76.60564095639062,28.1792185744699],[76.60563258567096,28.17833652434216],[76.605685761536,28.17789176603178],[76.6057240308481,28.17759193505746],[76.60602719608295,28.17798583666971],[76.60646147304624,28.17857025356693],[76.6069806405053,28.17927390779188],[76.60743243044492,28.17993230935815],[76.60893169504779,28.17921988927967],[76.6089089298513,28.17913652287535],[76.60928695036391,28.17899431813125],[76.61056677731163,28.17855935136824],[76.61115157650242,28.17832463205941],[76.61154100279252,28.17817355571621],[76.6119539917839,28.17802697968054],[76.61228262204912,28.17792406625452],[76.61205912433027,28.17724989253133],[76.61329699986237,28.17676768736228],[76.61443325023625,28.17646358884939],[76.61493094747091,28.17806838608265],[76.61509238749116,28.17894802720417],[76.61514274267134,28.17917052479013],[76.61520443105728,28.17954830330327],[76.61744682963219,28.17953119437963],[76.61746441445588,28.17929331027529],[76.61842964527574,28.17850771117948],[76.61886071175181,28.17829622804051],[76.61954082916107,28.17800621269481],[76.62062593854239,28.17765628932401],[76.62203909299832,28.17731936463636],[76.62411929165135,28.17705241016026],[76.62465207858054,28.17722636826225]]]},"properties":{"name":"21","description":"21/1 22/1","styleUrl":"#msn_ylw-pushpin14","fill-opacity":0.5019607843137255,"fill":"#ffff00","stroke-opacity":1,"stroke":"#0000ff","icon-scale":1.1,"icon-offset":[20,2],"icon-offset-units":["pixels","pixels"],"icon":"http://maps.google.com/mapfiles/kml/pushpin/ylw-pushpin.png"}},
{"type":"Feature","geometry":{"type":"Polygon","coordinates":[[[76.60578244266694,28.18691722933489],[76.60571567976838,28.18964437992268],[76.6055280162452,28.18940368627214],[76.60515505968105,28.18896162902166],[76.60484355696585,28.18864067126139],[76.60372760199968,28.18757807736659],[76.60235476611666,28.18627514898685],[76.60098692663456,28.18470961208489],[76.60003658529152,28.18376729376749],[76.59963745061013,28.18325201691748],[76.59893646897731,28.18240499583315],[76.59759759141396,28.18151257599937],[76.59652218551227,28.1805456647168],[76.5976197376847,28.17979706856767],[76.59816765875499,28.17944967350597],[76.59864980467688,28.17908153658112],[76.59910833790792,28.17892905231655],[76.60031858480954,28.17844196419942],[76.60077073819213,28.1782778248873],[76.60004908795409,28.17651793769627],[76.60065698946121,28.17619654835064],[76.59969737659945,28.17469350962093],[76.60131473401024,28.17380971246602],[76.60281647263716,28.17575369512694],[76.60485046012953,28.17485004097272],[76.60571221902309,28.17752306648507],[76.60563813374388,28.17831051812127],[76.60564027410597,28.17922056885969],[76.60578244266694,28.18691722933489]]]},"properties":{"name":"22","description":"22 23/1","styleUrl":"#msn_ylw-pushpin15","fill-opacity":0.5019607843137255,"fill":"#ffaa00","stroke-opacity":1,"stroke":"#0000ff","icon-scale":1.1,"icon-offset":[20,2],"icon-offset-units":["pixels","pixels"],"icon":"http://maps.google.com/mapfiles/kml/pushpin/ylw-pushpin.png"}},
{"type":"Feature","geometry":{"type":"Polygon","coordinates":[[[76.60662010976037,28.18761960994213],[76.60909317835863,28.19010785803705],[76.60945578896602,28.1905383554089],[76.60989646599282,28.19105398872003],[76.61020198702151,28.19135225248305],[76.61033385313816,28.19125910046999],[76.61123372004013,28.19062959357379],[76.61215533181337,28.1897341746911],[76.61089733457963,28.18839533243991],[76.61052610737933,28.18805040352673],[76.60949021677546,28.18703296300198],[76.60878740208283,28.1863645862745],[76.6080839282583,28.18572620596674],[76.60900676276755,28.18513125336822],[76.61028630374932,28.18424724645045],[76.61068481209614,28.18489272264562],[76.61094653575337,28.18535179324483],[76.61114058511703,28.18572904182189],[76.6112920752608,28.18600102755855],[76.61157175417188,28.18650820296414],[76.61135348546796,28.18663937103385],[76.61146844661279,28.18680171503786],[76.61185235244407,28.1869824948383],[76.61227840124914,28.18723940044797],[76.6128425774922,28.18799476203545],[76.61292467660678,28.18813205672808],[76.6130196208681,28.1883298452077],[76.6131463934407,28.18861290064516],[76.61330497264566,28.18891959242501],[76.61342459816223,28.18939791589409],[76.61368238951093,28.18938639142256],[76.6136997042846,28.18943223417785],[76.61372853175371,28.18946778263179],[76.61376367133302,28.1894924281796],[76.61382573133147,28.18950449651507],[76.6138938012822,28.18950270718988],[76.61393706278834,28.18969723785646],[76.61407875088182,28.19026316395617],[76.61434344600623,28.1908109464703],[76.61450265436405,28.19114975723111],[76.61458430911601,28.191342676252],[76.61466579809715,28.19154147878793],[76.61474344871695,28.19171082735714],[76.61435309722876,28.19176741750798],[76.61390900285622,28.19181022674705],[76.6135248452033,28.19183778050275],[76.6132027236207,28.19188278961569],[76.61297992922962,28.19190955329701],[76.61243872678273,28.19199831363057],[76.61206036434469,28.1921088568871],[76.61185241831954,28.19217460922476],[76.61168563484006,28.19225182743845],[76.61152192403149,28.19236493548916],[76.61133990768765,28.19263105436044],[76.61112248267038,28.19296513277018],[76.60966331643097,28.19511445275858],[76.6091299234462,28.19574836624681],[76.60883724827767,28.19595535831852],[76.60854324984848,28.19583982653858],[76.60787297676757,28.19571250122979],[76.60732113918115,28.19560296490025],[76.60689153292037,28.19552673264997],[76.60632752185752,28.19547527355355],[76.60577527022338,28.19547944752804],[76.60572803953848,28.19291367944438],[76.6057346611891,28.19167205748215],[76.60623570381631,28.19172309793327],[76.60623660556712,28.19036276886137],[76.60570998326232,28.18963576342865],[76.60580008594599,28.18690175647641],[76.60662010976037,28.18761960994213]]]},"properties":{"name":"23","description":"23 22/2","styleUrl":"#msn_ylw-pushpin16","fill-opacity":0.5019607843137255,"fill":"#0055ff","stroke-opacity":1,"stroke":"#0000ff","icon-scale":1.1,"icon-offset":[20,2],"icon-offset-units":["pixels","pixels"],"icon":"http://maps.google.com/mapfiles/kml/pushpin/ylw-pushpin.png"}},
{"type":"Feature","geometry":{"type":"Polygon","coordinates":[[[76.60577674569102,28.19547604210774],[76.6087998905616,28.19596892021337],[76.60867485218868,28.197142877963],[76.60920791123013,28.19790030492903],[76.60961847055798,28.19875726941617],[76.60978826585371,28.19909325993937],[76.61005269385596,28.19956028530975],[76.60943965025986,28.19994453213602],[76.60915312632119,28.20016929064198],[76.60811793950755,28.20160426380234],[76.60798794031453,28.20145827005075],[76.60774126594067,28.20127374360397],[76.60758609026493,28.20114328699349],[76.60745912113924,28.20090238466814],[76.60723222492054,28.20055327317717],[76.60702522855823,28.20034969509265],[76.60692777295422,28.20016554038911],[76.60663190573842,28.19990924567487],[76.60587953207187,28.19931285243285],[76.60527106763078,28.19887115844506],[76.6047063780732,28.19861019901276],[76.6038307291039,28.19837491647804],[76.6031084470576,28.19829356096148],[76.60261980316044,28.19830984692138],[76.60187839288326,28.19812180385195],[76.6019889926383,28.19789473509267],[76.6021192224382,28.19779521652916],[76.60216614966497,28.19778632319488],[76.60238763070146,28.19770953049024],[76.6024323405716,28.1976562888181],[76.60259103555997,28.19759285891167],[76.60356218867963,28.19733602937195],[76.6038102344938,28.19711446268979],[76.60360432896114,28.19613366952802],[76.60347289122164,28.19561755431805],[76.6031690376851,28.19454125710764],[76.60303186132164,28.19400522321033],[76.60295092884141,28.19363401973314],[76.6027835990614,28.19295330044265],[76.60294469415086,28.19296106875198],[76.60321992764707,28.19297894900147],[76.6037176681836,28.1930562060267],[76.60390497740963,28.19309152354732],[76.60408345224546,28.19313806656102],[76.60425205456896,28.19317501477193],[76.60470415203099,28.1933113304189],[76.60499687078533,28.1935672116969],[76.60524235446272,28.19367067599476],[76.60533072538136,28.19362187716134],[76.60558819150206,28.1935320622707],[76.60564597778378,28.19341835676229],[76.60569901117088,28.19328478957054],[76.60571917525495,28.19322353141012],[76.6057230981504,28.19311834268222],[76.60572593534494,28.19301511263766],[76.60572802703453,28.19295081654296],[76.60575459186691,28.19405041270686],[76.60574735012018,28.19432882935034],[76.60576473553232,28.19475506889983],[76.6057793813903,28.19548064184331],[76.60577674569102,28.19547604210774]]]},"properties":{"name":"24","description":"24 13/2 14/2","styleUrl":"#msn_ylw-pushpin17","fill-opacity":0.5019607843137255,"fill":"#ff5500","stroke-opacity":1,"stroke":"#0000ff","icon-scale":1.1,"icon-offset":[20,2],"icon-offset-units":["pixels","pixels"],"icon":"http://maps.google.com/mapfiles/kml/pushpin/ylw-pushpin.png"}},
{"type":"Feature","geometry":{"type":"Polygon","coordinates":[[[76.6055503621752,28.19961423138168],[76.60547457631232,28.19960539874816],[76.60550541113535,28.19959962226779],[76.60552267643403,28.19960435431105],[76.60554921330989,28.19960804148026],[76.6055613102651,28.19957183103475],[76.60557680113105,28.19952019462556],[76.60558464356858,28.19948433475723],[76.60561587352653,28.19945197057459],[76.60587954339877,28.19931579852616],[76.60593850941216,28.19934679775874],[76.60600791733494,28.19941299191656],[76.60605100346427,28.19944913903402],[76.60618678388767,28.19954775736462],[76.60631597989708,28.1996431761869],[76.6064558448491,28.19974019442325],[76.60658056220649,28.19986171021002],[76.60669703745502,28.19996574118195],[76.6067953568459,28.20005591442369],[76.60692130306712,28.2001635912316],[76.60700943475901,28.20031862567551],[76.60717227159516,28.2004698524317],[76.60727579278256,28.20062243458454],[76.60743070571438,28.20085874219611],[76.60749151437832,28.2009733579088],[76.60761017469179,28.20114121175399],[76.60812125707137,28.20158103809115],[76.60779653587643,28.20181964483589],[76.60777504940451,28.20192601296477],[76.60765897875565,28.201994444737],[76.60744446709748,28.20222827492585],[76.60719954082991,28.20245126365724],[76.60693840048958,28.2026722436848],[76.60669272253821,28.20287637974748],[76.60645171062816,28.20309847149391],[76.60618030652444,28.20333495472741],[76.60592022930845,28.20355399886805],[76.60579956424425,28.20366696682753],[76.60564816403276,28.20379899510608],[76.60548606869357,28.2038775916289],[76.605266786514,28.20396880879649],[76.6050616196261,28.2040576006879],[76.60487795105854,28.20412144138654],[76.60466891447156,28.20422137312038],[76.60446921861661,28.20428764421847],[76.60430411684814,28.2043483584571],[76.60402384531965,28.20443658978365],[76.60377567003874,28.20453881923197],[76.60361518408264,28.20461071567675],[76.60338315358835,28.20469892698697],[76.60322181240589,28.20478120046468],[76.60299819390437,28.20485989415133],[76.60266663768023,28.20497312764963],[76.60245955359699,28.20506648446505],[76.60199717477226,28.20522834519505],[76.60169504875377,28.20536746362123],[76.6014283520968,28.20545932092483],[76.60104444825522,28.20557523867343],[76.6008699794903,28.205615057912],[76.60081958784275,28.20534141528694],[76.60067824651266,28.20503839104863],[76.6005657490793,28.20474747671949],[76.60050381629371,28.20460317637855],[76.60042561818777,28.2043988465226],[76.60032012158311,28.2041284817839],[76.6002176314536,28.20381154118155],[76.60013297437645,28.20354026165662],[76.60010894288008,28.2033363160604],[76.60008024016471,28.20316571116342],[76.6000100858566,28.20296510496762],[76.60014803057558,28.20290437413322],[76.6002546915434,28.20285331554922],[76.60038552368941,28.20279111640659],[76.60049122435018,28.20273116656356],[76.60067214491727,28.20261502665022],[76.60080571502337,28.20253678821751],[76.60092687505681,28.20245453086751],[76.60101256845505,28.20238245481769],[76.60114603751731,28.2022744139536],[76.60126564531592,28.20218667184726],[76.60134156118673,28.20215453400137],[76.60147226401621,28.20209693671384],[76.60164315176486,28.20202597165533],[76.6018069041408,28.20195834648769],[76.60164349482103,28.20152743524661],[76.60149211091318,28.20080781474773],[76.6024652912067,28.20051884359892],[76.60241747837897,28.19958134019498],[76.60299064837538,28.1995479936596],[76.60323202242895,28.19951034492068],[76.60356685032768,28.19946772430576],[76.60385517467093,28.19945994815246],[76.60408376816777,28.19940947742476],[76.60432188680562,28.19934516051968],[76.60448224621823,28.1993100993595],[76.60470546243496,28.19924279877456],[76.60495397029206,28.19921785173138],[76.60519910307777,28.19921335211159],[76.60530136236169,28.1992668273061],[76.60542089908954,28.19938180592668],[76.6054350408821,28.19946071179426],[76.60543850744045,28.19961660443738],[76.60545230407281,28.19961291532127],[76.60554922360063,28.19959110210665],[76.60559602563409,28.19946716123656],[76.60556605144292,28.19955492708162],[76.6055503621752,28.19961423138168]]]},"properties":{"name":"25","description":"25 29/1","styleUrl":"#msn_ylw-pushpin18","fill-opacity":0.5019607843137255,"fill":"#ffff00","stroke-opacity":1,"stroke":"#0000ff","icon-scale":1.1,"icon-offset":[20,2],"icon-offset-units":["pixels","pixels"],"icon":"http://maps.google.com/mapfiles/kml/pushpin/ylw-pushpin.png"}},
{"type":"Feature","geometry":{"type":"Polygon","coordinates":[[[76.60400190467372,28.20445326646696],[76.60554113820322,28.20387362084332],[76.60811548178336,28.20156188491843],[76.6093781022773,28.20271190397262],[76.6105048257909,28.20378737061641],[76.60991817895611,28.20436131245402],[76.60869142694244,28.2033415600274],[76.60810450617284,28.20383854265593],[76.6074155122242,28.20453141163227],[76.60846530972209,28.20538121320498],[76.60796616934176,28.20569885327308],[76.60716171456426,28.20646598843882],[76.60811263936706,28.20737871251375],[76.60777941267942,28.20767236041474],[76.60791282444728,28.20816745245049],[76.60793489625775,28.20881386958774],[76.60733940158777,28.20879192840474],[76.6068609979674,28.20882720034289],[76.6068687959845,28.20953691558697],[76.60575753123214,28.20954848339326],[76.60573427230801,28.20977800645599],[76.60554608581978,28.20980106110141],[76.60560921068733,28.21000411479578],[76.60498003797991,28.20996139308798],[76.60380083340485,28.20997030284103],[76.60351852065699,28.20998151226201],[76.60306434994133,28.20997932401974],[76.60248803413276,28.20998954507614],[76.60286512980402,28.20880084052169],[76.60315069091985,28.20793185607604],[76.60349548474382,28.20656235481837],[76.60367510541232,28.20595842981495],[76.6038192687836,28.20556346715079],[76.60395835922235,28.20501254118851],[76.60402379746922,28.20480403261147],[76.60405192435826,28.2046399662893],[76.60403293166651,28.20453710613701],[76.60400190467372,28.20445326646696]]]},"properties":{"name":"26","description":"26 27/2","styleUrl":"#msn_ylw-pushpin19","fill-opacity":0.5019607843137255,"fill":"#ff557f","stroke-opacity":1,"stroke":"#0000ff","icon-scale":1.1,"icon-offset":[20,2],"icon-offset-units":["pixels","pixels"],"icon":"http://maps.google.com/mapfiles/kml/pushpin/ylw-pushpin.png"}},
{"type":"Feature","geometry":{"type":"Polygon","coordinates":[[[76.61186108486781,28.2048001883516],[76.61216329626171,28.20507453866348],[76.61306830624788,28.20593125814637],[76.61296608790556,28.20599274740272],[76.6129082508599,28.20601429757285],[76.61284164776723,28.20601513321666],[76.6128213363954,28.2062050357801],[76.6127446697817,28.20665522301677],[76.61243431501784,28.20720602873216],[76.61212202655237,28.20765744334059],[76.60900852696692,28.21186888459416],[76.6076802668437,28.21368187166332],[76.60754760782544,28.21370560306152],[76.60707241380446,28.21420316015161],[76.60693332664269,28.21476753547591],[76.60653077984516,28.21488694950451],[76.60552014451619,28.21564261751497],[76.60579723428187,28.21617597583956],[76.6050836309206,28.21645078737938],[76.60495395221389,28.20994513768078],[76.60560687977772,28.20996358613045],[76.60554489631413,28.20981029220568],[76.60574910957011,28.20977570073217],[76.60575798649323,28.20955390031747],[76.60683916961712,28.20952558384136],[76.60689015926746,28.20879774227659],[76.6073683607891,28.20881149766793],[76.60794995380685,28.20883525567789],[76.6079550930256,28.20828821307686],[76.60778096068769,28.20767566222967],[76.60813368593796,28.20740684227639],[76.60717281574225,28.20648354043551],[76.60797577844127,28.20572288315391],[76.60846437645682,28.20538783906101],[76.60740862217362,28.20452646238589],[76.60872866399987,28.20334243282966],[76.60993736533605,28.2043462885624],[76.61053979905094,28.20374180657031],[76.61186108486781,28.2048001883516]]]},"properties":{"name":"27","description":"27","styleUrl":"#msn_ylw-pushpin21","fill-opacity":0.5019607843137255,"fill":"#ffff00","stroke-opacity":1,"stroke":"#0000ff","icon-scale":1.1,"icon-offset":[20,2],"icon-offset-units":["pixels","pixels"],"icon":"http://maps.google.com/mapfiles/kml/pushpin/ylw-pushpin.png"}},
{"type":"Feature","geometry":{"type":"Polygon","coordinates":[[[76.61421367885697,28.20692396257104],[76.61429637101563,28.20700158539181],[76.61463717782995,28.20729939321597],[76.61476407923989,28.20740175805705],[76.61485622728962,28.20746573683503],[76.61537556622746,28.20789589558239],[76.61548701539888,28.20803915210099],[76.61569823164692,28.20830068511882],[76.6158003415197,28.20843412331511],[76.61597140967297,28.20842350061783],[76.61649338520571,28.20898471430597],[76.61756093882697,28.21010029972835],[76.61750561425748,28.21017117432158],[76.61735995105212,28.2103666867146],[76.61708127815766,28.21064631278255],[76.61675388278987,28.21102235194661],[76.61643187759071,28.21140019773638],[76.61681856476297,28.21171593205613],[76.61753273142425,28.2122788483944],[76.61776249991559,28.21248543485446],[76.61818025326863,28.21281195006365],[76.61869437848165,28.21323111363737],[76.6190975375375,28.21357414220081],[76.62025693668268,28.21455265562011],[76.62100489402117,28.21514333100713],[76.62215460438384,28.21608681269825],[76.62286558639477,28.21672501911004],[76.62241916756165,28.21694632597175],[76.62213066302934,28.21711228719891],[76.62132317669013,28.21763060572653],[76.62046874956873,28.2181946121269],[76.61915930869267,28.21904215723285],[76.61751923596474,28.22020415684975],[76.61666961271082,28.22082265069066],[76.6151617931979,28.22178661765598],[76.6129885869662,28.22281385927477],[76.61193655966323,28.22276680385953],[76.61107176217965,28.22279320681932],[76.61032745240495,28.22274073988343],[76.61090482758814,28.22062851868897],[76.61143301594296,28.21884532767692],[76.61171187530266,28.21772948749079],[76.61193625340265,28.21698034622127],[76.6123971653634,28.21618777345088],[76.61284073815781,28.21576536853199],[76.61303020019152,28.21557709930892],[76.6132563923085,28.21527945039477],[76.61339501173659,28.21505996257137],[76.61359425411544,28.21477551126932],[76.61383627173039,28.21446983110846],[76.61403971106499,28.21428727738788],[76.61416719638437,28.21410798066721],[76.6143173388178,28.21381629748055],[76.61302134693538,28.21368443335168],[76.61289181784043,28.21399367878706],[76.61169777899174,28.21396151306545],[76.61162914244656,28.2138457410423],[76.61120893329348,28.21383523391714],[76.61035643209037,28.21379593034591],[76.6096720063661,28.21376171256061],[76.60875078057909,28.21370486076082],[76.60849647641733,28.21369486900952],[76.60767658669182,28.21368125364991],[76.60825180110189,28.2129294281135],[76.60896238934372,28.21196316768157],[76.6097666804877,28.21081660071844],[76.6107351969086,28.20951168900602],[76.6113832329707,28.2085098995078],[76.61214035925137,28.20766739645087],[76.61245868839553,28.20720614102122],[76.61268308383072,28.20689354452226],[76.61275871832925,28.20655265084597],[76.61282946014845,28.20602499265527],[76.61296054513177,28.20601530340441],[76.61305977554606,28.20592070566212],[76.61421367885697,28.20692396257104]]]},"properties":{"name":"28","description":"28","styleUrl":"#msn_ylw-pushpin22","fill-opacity":0.5019607843137255,"fill":"#ffff00","stroke-opacity":1,"stroke":"#0000ff","icon-scale":1.1,"icon-offset":[20,2],"icon-offset-units":["pixels","pixels"],"icon":"http://maps.google.com/mapfiles/kml/pushpin/ylw-pushpin.png"}},
{"type":"Feature","geometry":{"type":"Polygon","coordinates":[[[76.60400887931192,28.20445571563497],[76.60405152460507,28.20461864748248],[76.6040264985297,28.2047909048459],[76.60397377210603,28.20495082186558],[76.60392580081923,28.20513218679008],[76.6038888887192,28.20538417750537],[76.60376109884473,28.20571543293665],[76.60367969124539,28.20594354533237],[76.60360394983711,28.20626070630795],[76.60337458955945,28.20704120482387],[76.60312915270963,28.20793036284978],[76.6024902145583,28.21000438913883],[76.60493125770384,28.20994880692863],[76.60508792642847,28.21644011313025],[76.60394855992477,28.21685050813917],[76.60306226060762,28.21531721022617],[76.6027504176407,28.21545330509545],[76.60258694144935,28.2155833040269],[76.60225388526332,28.21570591287605],[76.60212757156475,28.21571079916649],[76.6020099932279,28.21572155546565],[76.60187016321863,28.21571816784647],[76.60162468558812,28.21576690136676],[76.60140271070163,28.21549452207099],[76.6009345829734,28.21491308542266],[76.60102765800264,28.21471736411383],[76.60116468996797,28.21456319336033],[76.60104839579293,28.21446075508481],[76.60072321148886,28.21427599722172],[76.60041599485226,28.21389100964656],[76.60023680270787,28.21371163421432],[76.60015577424097,28.21351005874498],[76.59979272941555,28.21306890253466],[76.59848406591792,28.21366562462564],[76.59790827529096,28.21387008583448],[76.59731741644632,28.21397225592284],[76.59680653447154,28.21412547949434],[76.5967761303934,28.21328096290793],[76.5965125932116,28.21325128436653],[76.59645467284423,28.21279500245345],[76.5961072033469,28.21273000967631],[76.59599023963574,28.20890653731556],[76.5953894711166,28.20883741133748],[76.59538877834589,28.20828653564832],[76.59593853592517,28.20775214133385],[76.59660539570982,28.20732785996106],[76.59736826222073,28.20693644639494],[76.59829440967671,28.20640702624777],[76.59866524597471,28.2062474246078],[76.5987702657273,28.20622555990658],[76.59915372143786,28.20608335342457],[76.59945233945191,28.20600759840868],[76.5997886259557,28.20591116505799],[76.59996964016696,28.20587085642533],[76.60011723050653,28.20583194202325],[76.6002099403236,28.20580057630572],[76.60061089974583,28.20572010103829],[76.6008730400207,28.20561322233996],[76.60111916253956,28.20556462602422],[76.6014251768013,28.2054570081229],[76.60161759778862,28.20539553819573],[76.60179083851936,28.20532093731084],[76.602027639087,28.20523170355295],[76.60250348222594,28.20504148924859],[76.60269803493992,28.20496704781919],[76.60306844272716,28.20483228231434],[76.60339857599433,28.20469828430653],[76.60400887931192,28.20445571563497]]]},"properties":{"name":"29","description":"29/2 27/1","styleUrl":"#msn_ylw-pushpin23","fill-opacity":0.5019607843137255,"fill":"#55aa00","stroke-opacity":1,"stroke":"#0000ff","icon-scale":1.1,"icon-offset":[20,2],"icon-offset-units":["pixels","pixels"],"icon":"http://maps.google.com/mapfiles/kml/pushpin/ylw-pushpin.png"}},
{"type":"Feature","geometry":{"type":"Polygon","coordinates":[[[76.59486523703646,28.19731494346856],[76.59485726222859,28.19747240011388],[76.59482153982957,28.19761501800959],[76.59479670395802,28.19774984563733],[76.59472632389745,28.1979897437946],[76.59467003545292,28.19816398968856],[76.59458807802582,28.19835081687395],[76.59449104855409,28.19859795833509],[76.59452374248168,28.19892792703618],[76.59457609010546,28.19917968808189],[76.59465292555791,28.19944662184109],[76.59473090119322,28.1996942865843],[76.59485142410416,28.20010205888743],[76.59507329205277,28.20071294700285],[76.59521959545627,28.20117689969118],[76.59543293033911,28.20195604578605],[76.59570967767442,28.2029397276382],[76.59584026015463,28.20340257147491],[76.59611004017978,28.20430695291198],[76.59630872213296,28.20422731594207],[76.59668365566947,28.20405442637622],[76.596802782336,28.20401570761369],[76.59704854408979,28.20389148832069],[76.59741682590173,28.20376765301327],[76.59761976742209,28.20367280617996],[76.59806549093041,28.20351606249859],[76.59823862789375,28.20345336283584],[76.59841897057503,28.20339069366646],[76.59887368490297,28.20326439951866],[76.59908722745574,28.2032211819292],[76.59943041850917,28.20312550280534],[76.59960465462946,28.20309021054788],[76.59978622306333,28.20304462638862],[76.59989052957039,28.20301428628968],[76.60001717441463,28.20297459610195],[76.60009482906254,28.20320256691823],[76.60012462326797,28.20351653260852],[76.60016976266381,28.20372356118671],[76.600304889165,28.20412485369168],[76.60042448489389,28.20441061791626],[76.60054387243132,28.204733047854],[76.6006755052234,28.20503029996947],[76.60080426414301,28.20532339137898],[76.60087353551481,28.20561766456781],[76.60060551996892,28.2057121085426],[76.60011279289023,28.20583046288602],[76.59971228323288,28.20593860107745],[76.59943526483113,28.20601329484571],[76.59908639428838,28.20611555498134],[76.59896255414712,28.20615946646451],[76.59876758548747,28.2062348503218],[76.59844752656724,28.20635124770106],[76.59814768388067,28.20651913624453],[76.597958961788,28.20663256148078],[76.59756544543552,28.20682353079144],[76.59722966674508,28.20701858618715],[76.59697907289073,28.20714616544112],[76.59672339809674,28.20730447342446],[76.59636539582371,28.20750768209692],[76.5961381128695,28.20764229856037],[76.59585978251931,28.2078321534105],[76.59530178454597,28.20820880958139],[76.59538804962648,28.20835581805043],[76.59537477300478,28.20888507178124],[76.59605633359689,28.2089336353417],[76.59605908424648,28.2127184485337],[76.59646087691429,28.21278892737251],[76.59651579313045,28.21325642279126],[76.59681108711838,28.21326678096565],[76.59678231998043,28.21406918332643],[76.59647257085494,28.21416672461405],[76.59618840196201,28.21419425955314],[76.59570526280088,28.2143224948467],[76.5950977122222,28.21447049139339],[76.59466470327087,28.21454868855463],[76.59421733624058,28.21465356914125],[76.59327596933734,28.21477756823734],[76.59296311981436,28.2147636644955],[76.5926397000616,28.21475902385888],[76.59236047395741,28.21478954948546],[76.59209520704133,28.21494482456944],[76.59184580880985,28.21505885931167],[76.59149573216298,28.2152551406966],[76.59098563950648,28.21563054236579],[76.59046932504417,28.21605638360812],[76.58990567495349,28.21650400737052],[76.58948261732621,28.2160499790763],[76.5893977043987,28.21570888091093],[76.58820183632918,28.21429912854428],[76.58893267955104,28.21363080014387],[76.58850486942846,28.21279426451527],[76.58872577886187,28.21261071114844],[76.58892102969985,28.21243796486442],[76.5890784774455,28.21231249758054],[76.58931797569073,28.21216458432071],[76.58946289296033,28.212094664795],[76.58968617915613,28.2119769698554],[76.58992549719584,28.21187338541834],[76.59011810208695,28.21181154112448],[76.59046758171013,28.21166057835478],[76.59075248695511,28.21154205969474],[76.59112589574971,28.21136067304678],[76.59151002955983,28.21119373322149],[76.59169115733941,28.2110216299125],[76.59187583242623,28.21086730132404],[76.59203280239295,28.21068825110602],[76.5921944221829,28.21055203337109],[76.59245205477663,28.21020373748801],[76.59239537075851,28.21012213168628],[76.59231651841357,28.21002596271506],[76.59223087652344,28.20991406122912],[76.5921475859651,28.20981179687894],[76.59207780195625,28.20972361859569],[76.59203745764886,28.20965887672001],[76.59195801711881,28.2095447924574],[76.59185927134779,28.20937701448116],[76.59173043392923,28.20924122789683],[76.59156374815956,28.20905328035481],[76.59136906089691,28.20883264050165],[76.59120400694768,28.2085992902986],[76.5911131090866,28.2083641357421],[76.5909037331782,28.20813952313972],[76.5907975735203,28.20796965361188],[76.59066670353445,28.20771710420808],[76.59041978650922,28.20729613829498],[76.59022136893925,28.20696563344562],[76.59009987698587,28.20677255421893],[76.58981350347354,28.2063039463918],[76.58959531068044,28.20581262851158],[76.58940598148223,28.20540456787657],[76.58915008645812,28.20468633205657],[76.58887416249759,28.20406006515683],[76.58808115492347,28.20412410803637],[76.5870698850037,28.20423100213462],[76.58639352241747,28.20442348206186],[76.58531713089171,28.20465126931354],[76.58523272116003,28.20467076055214],[76.58501126064048,28.20469766275143],[76.58476143084903,28.20472255155033],[76.58454900793564,28.20473294524504],[76.5843796632334,28.20478989228432],[76.58411633562011,28.20486120337153],[76.58370741208766,28.2049992786415],[76.58395714944729,28.2047467782371],[76.58414710140515,28.20456877817831],[76.58443976876242,28.20430610407207],[76.58459657024552,28.20408840182094],[76.5843194285374,28.2034949124601],[76.58405157123354,28.20299674294923],[76.58384289285856,28.2025586713059],[76.58368247178417,28.20223266066257],[76.58358098636559,28.20193583493009],[76.58345377057717,28.20165756873342],[76.58340495202017,28.20152345039673],[76.58336829716933,28.2014424709496],[76.58333717894718,28.20136609689762],[76.58313846519985,28.20146486535933],[76.58295981224013,28.20154441397465],[76.58272483015351,28.2015783372434],[76.58261922173779,28.20155408249636],[76.58234805820274,28.20151959308573],[76.5820967558561,28.20147958443928],[76.58195950139597,28.20140240585865],[76.5818399076681,28.20135373465002],[76.58151268122022,28.20127888859348],[76.58113405276653,28.20119250358312],[76.58055260743329,28.20105347602027],[76.57970013213836,28.20124915212485],[76.57872197597067,28.2012702179325],[76.5781655082899,28.20037820166861],[76.57774266432575,28.20074886185027],[76.5769766630961,28.20106366580312],[76.57540514224448,28.20161598424628],[76.57453313537258,28.20031422577514],[76.57390606559834,28.19909982094067],[76.57336770491048,28.19772350741701],[76.57303329500776,28.19663589567366],[76.5728042575644,28.19661517137099],[76.57273986854989,28.19500433236324],[76.57351191238374,28.19510450032656],[76.57692609537276,28.19542820797964],[76.57892786503984,28.19563087437939],[76.58121537383768,28.19590201874307],[76.58424032834647,28.19620067164801],[76.58727521550098,28.19654229519939],[76.59046512162179,28.196856164633],[76.59358668672097,28.19717634606679],[76.5948475114403,28.19730148740421],[76.59486523703646,28.19731494346856]]]},"properties":{"name":"30","description":"30/2 29/1","styleUrl":"#msn_ylw-pushpin24","fill-opacity":0.5019607843137255,"fill":"#ffff00","stroke-opacity":1,"stroke":"#0000ff","icon-scale":1.1,"icon-offset":[20,2],"icon-offset-units":["pixels","pixels"],"icon":"http://maps.google.com/mapfiles/kml/pushpin/ylw-pushpin.png"}},
{"type":"Feature","geometry":{"type":"Polygon","coordinates":[[[76.57285342659296,28.19473205167878],[76.57310593185484,28.19470117923793],[76.5734541154593,28.19464273076981],[76.57398823233407,28.1945752923132],[76.57427599564683,28.19456425477624],[76.5746203546247,28.19456721902938],[76.57548707926189,28.19440755543098],[76.5756154085054,28.19442031767191],[76.57621415497803,28.19443008078267],[76.57777405204688,28.19443383241084],[76.57860673678871,28.19445891535982],[76.57888792604979,28.19452569579627],[76.57891437572478,28.19489240686185],[76.58028324740229,28.19498529935128],[76.58049724107772,28.19494816433993],[76.58098491192942,28.19489157311344],[76.58152414078617,28.19480611396135],[76.58264843046103,28.19485861607438],[76.58380541630402,28.19489835692024],[76.58467648058513,28.19488481594655],[76.5853632062507,28.19488693034905],[76.58540840135065,28.19370369685581],[76.58540782380015,28.19340701857203],[76.58543749162163,28.19284448257667],[76.58543968428354,28.19149259237293],[76.58650834783917,28.19170014447439],[76.5880712507553,28.19213839973943],[76.58923236844828,28.19247588609375],[76.5897781281403,28.19260500684354],[76.5898054840695,28.19263338579852],[76.5897686261186,28.19301244652898],[76.58983856833429,28.19303939534841],[76.59004391217131,28.19305505388163],[76.59031329340817,28.19307625336103],[76.59060549879898,28.19307858516631],[76.5910354170577,28.19311375884937],[76.59129107451491,28.19315698881962],[76.59234021349239,28.19330283013974],[76.59308030371564,28.19342939498492],[76.59348010566842,28.19356253555871],[76.59409352113911,28.1938423676451],[76.5945977280843,28.19396894889674],[76.59485708553257,28.19398202999624],[76.59526487131386,28.19401301583201],[76.59616222364224,28.19409559772331],[76.59798332885374,28.19420538762354],[76.59797731985392,28.19447483838761],[76.5990921445035,28.19456796854112],[76.59989552803265,28.19453248674246],[76.60091101125136,28.19464106320811],[76.60141783281018,28.194632330272],[76.60201882324246,28.19470034489437],[76.60218274720573,28.19471942622258],[76.60248663159605,28.19473778705514],[76.6032101036561,28.194678628205],[76.60339542473687,28.19538902774758],[76.60361728711109,28.19612972878573],[76.60380608292343,28.19711073401144],[76.6037102806397,28.1972184340997],[76.60345205231906,28.19736198429763],[76.60301891137465,28.19748370830492],[76.60243777811954,28.197641510202],[76.60239370767935,28.19770073119779],[76.6021007135505,28.19780637478673],[76.60198900223556,28.19788911319869],[76.60187596464259,28.19812877786885],[76.60100783025409,28.19794857068101],[76.57270856762567,28.19499822717636],[76.57268281023777,28.19474660614147],[76.57285342659296,28.19473205167878]]]},"properties":{"name":"31","description":"31","styleUrl":"#msn_ylw-pushpin25","fill-opacity":0.5019607843137255,"fill":"#ffff00","stroke-opacity":1,"stroke":"#0000ff","icon-scale":1.1,"icon-offset":[20,2],"icon-offset-units":["pixels","pixels"],"icon":"http://maps.google.com/mapfiles/kml/pushpin/ylw-pushpin.png"}},
{"type":"Feature","geometry":{"type":"Polygon","coordinates":[[[76.59608039694922,28.20425591991955],[76.59606870031025,28.20418664889155],[76.59604075081745,28.20407755290542],[76.59600378275101,28.20392884999369],[76.59597866821794,28.20378855945102],[76.59593952392876,28.2036390432049],[76.59587624990145,28.2034576132241],[76.5958124115459,28.20325560187744],[76.59575097643079,28.2030063916749],[76.5956892302689,28.20283435908346],[76.59561108899993,28.20253536615228],[76.59553686054988,28.20226888864204],[76.59544454272451,28.20190580251041],[76.59534708686904,28.20162260809106],[76.59521269025866,28.20113259828669],[76.59510702418,28.20083855137009],[76.59501088002946,28.20049869719613],[76.59488537462714,28.20014468924319],[76.5948158171966,28.19995491244829],[76.59473536817835,28.19968682578662],[76.59463667596566,28.19941929242721],[76.59458593103663,28.19920563738278],[76.59455963792254,28.19906022534134],[76.59452832884716,28.19887936828205],[76.59451289739881,28.19868310572826],[76.59451216150445,28.19855180693656],[76.59455053438708,28.19844957686129],[76.59463855932151,28.19823545643222],[76.59473021990465,28.19801316618533],[76.59477034586199,28.19786564547816],[76.59481481334888,28.19773284955847],[76.59482798367073,28.19760502118143],[76.59485504248187,28.19746690997352],[76.59486596558419,28.197310315069],[76.59561467817906,28.19739728567615],[76.59603908033934,28.19742986211473],[76.59671792708465,28.19749978012688],[76.59743358203178,28.19758035839573],[76.59829535387551,28.1976650032149],[76.59884553674824,28.19771763398187],[76.59947360413639,28.19782641197853],[76.60025011224658,28.19786295047224],[76.60065823137035,28.19790268939435],[76.60105539075437,28.19796573455747],[76.60145569594225,28.19803247496623],[76.60261775707573,28.1983105144244],[76.60308260231719,28.19829285004031],[76.60395632093946,28.19839172639167],[76.60472674307127,28.19861534656755],[76.60527848414534,28.1988755658526],[76.60587638375553,28.19931627365467],[76.60581753915439,28.19935759908233],[76.60558027211206,28.19949558558848],[76.60554161282603,28.19960574300766],[76.60544330645943,28.1995858598884],[76.60545238928194,28.19945753041533],[76.6054012069269,28.19933291179789],[76.60528452103881,28.19924856858334],[76.60516198787343,28.19919309590824],[76.60504635956457,28.1992153817801],[76.60463741178556,28.19925985070015],[76.60433872889209,28.19933948054801],[76.60383836868735,28.19946604248761],[76.6023941690748,28.19958126813763],[76.602481378264,28.20050179802564],[76.60216020117508,28.20058600480583],[76.60179565118639,28.20069316833417],[76.60148014861724,28.20079220565995],[76.60164270771368,28.20151654479784],[76.60173407830341,28.20164068320131],[76.60182670455103,28.2017554000167],[76.6019396501862,28.20187777559572],[76.60185579884144,28.20192553949208],[76.6016228234049,28.20203436490213],[76.60148226308321,28.2020933192721],[76.60129861433526,28.20216128805771],[76.60116149607674,28.20225332343614],[76.60091039851383,28.20246125893564],[76.60066287483592,28.20261588931206],[76.60034652692012,28.20280768653754],[76.6000836549446,28.20292773676823],[76.59988038310395,28.20302290974053],[76.59962158525035,28.20308970914531],[76.59926015610348,28.20318063598285],[76.59889794148216,28.20326280027848],[76.59842247318663,28.20340698279666],[76.59769759930232,28.20363932846649],[76.596930876512,28.20395206218416],[76.59610249172377,28.20433260586624],[76.59608039694922,28.20425591991955]]]},"properties":{"name":"32","description":"30/1 25/1","styleUrl":"#msn_ylw-pushpin100","fill-opacity":0.5019607843137255,"fill":"#5555ff","stroke-opacity":1,"stroke":"#0000ff","icon-scale":1.1,"icon-offset":[20,2],"icon-offset-units":["pixels","pixels"],"icon":"http://maps.google.com/mapfiles/kml/pushpin/ylw-pushpin.png"}}
]}